,Video ID,Scene_ID,Video URL,Codec,Resolution,Avg Frame rate,Mature Humor - Scene Annotation,Slapstick Humor - Scene Annotation,Gory Humor - Scene Annotation,Sarcasm - Scene Annotation,combination
0,tt2872718,0, https://www.imdb.com/videoplayer/vi4179799833,h264,854 x 480,23.976023976024,0,0,0,0,0000
1,tt2872718,1, https://www.imdb.com/videoplayer/vi4179799833,h264,854 x 480,23.976023976024,0,0,1,0,0010
2,tt2788710,0, https://www.imdb.com/videoplayer/vi1114222361,h264,854 x 480,23.976023976024,0,0,0,0,0000
3,tt2788710,1, https://www.imdb.com/videoplayer/vi1114222361,h264,854 x 480,23.976023976024,1,0,0,0,1000
4,tt2788710,2, https://www.imdb.com/videoplayer/vi1114222361,h264,854 x 480,23.976023976024,0,0,0,0,0000
8,tt2243537,0, https://www.imdb.com/videoplayer/vi3723732761,h264,854 x 480,29.97,1,0,0,0,1000
9,tt1980209,0, https://www.imdb.com/videoplayer/vi3975259673,h264,852 x 480,23.9761455607619,1,0,0,0,1000
10,tt1980209,1, https://www.imdb.com/videoplayer/vi3975259673,h264,852 x 480,23.9761455607619,1,1,0,0,1100
11,tt1980209,2, https://www.imdb.com/videoplayer/vi3975259673,h264,852 x 480,23.9761455607619,1,0,0,0,1000
12,tt1980209,3, https://www.imdb.com/videoplayer/vi3975259673,h264,852 x 480,23.9761455607619,0,0,0,0,0000
19,tt1655460,0, https://www.imdb.com/videoplayer/vi2251464217,h264,854 x 462,23.976023976024,1,0,0,0,1000
20,tt1655460,1, https://www.imdb.com/videoplayer/vi2251464217,h264,854 x 462,23.976023976024,1,0,0,0,1000
27,tt0489019,0, https://www.imdb.com/videoplayer/vi2799436057,h264,640 x 480,29.970029970029998,0,0,1,0,0010
28,tt0465602,0, https://www.youtube.com/watch?v=zV-nIlZ3XeE,h264,640 x 266,23.9761294207596,1,0,1,0,1010
29,tt0465602,1, https://www.youtube.com/watch?v=zV-nIlZ3XeE,h264,640 x 266,23.9761294207596,0,0,1,0,0010
37,PFs7mxKNUO8,0, https://www.youtube.com/watch?v=PFs7mxKNUO8,h264,490 x 360,23.976023976024,1,0,0,0,1000
41,IvC8zu0ixNo,0, https://www.youtube.com/watch?v=IvC8zu0ixNo,h264,640 x 360,29.9700926719201,0,1,0,0,0100
42,IvC8zu0ixNo,1, https://www.youtube.com/watch?v=IvC8zu0ixNo,h264,640 x 360,29.9700926719201,0,1,0,0,0100
43,IvC8zu0ixNo,2, https://www.youtube.com/watch?v=IvC8zu0ixNo,h264,640 x 360,29.9700926719201,0,1,0,0,0100
44,IvC8zu0ixNo,3, https://www.youtube.com/watch?v=IvC8zu0ixNo,h264,640 x 360,29.9700926719201,0,1,0,0,0100
45,IvC8zu0ixNo,4, https://www.youtube.com/watch?v=IvC8zu0ixNo,h264,640 x 360,29.9700926719201,0,1,0,0,0100
46,IvC8zu0ixNo,5, https://www.youtube.com/watch?v=IvC8zu0ixNo,h264,640 x 360,29.9700926719201,0,0,0,0,0000
47,i8KnemK3YTM,0, https://www.youtube.com/watch?v=i8KnemK3YTM,h264,640 x 360,30.0,0,0,1,0,0010
48,i8KnemK3YTM,1, https://www.youtube.com/watch?v=i8KnemK3YTM,h264,640 x 360,30.0,0,0,0,0,0000
49,i8KnemK3YTM,2, https://www.youtube.com/watch?v=i8KnemK3YTM,h264,640 x 360,30.0,0,0,0,0,0000
50,i8KnemK3YTM,3, https://www.youtube.com/watch?v=i8KnemK3YTM,h264,640 x 360,30.0,0,0,0,0,0000
51,i8KnemK3YTM,4, https://www.youtube.com/watch?v=i8KnemK3YTM,h264,640 x 360,30.0,0,0,0,0,0000
52,i8KnemK3YTM,5, https://www.youtube.com/watch?v=i8KnemK3YTM,h264,640 x 360,30.0,0,0,0,0,0000
53,i8KnemK3YTM,6, https://www.youtube.com/watch?v=i8KnemK3YTM,h264,640 x 360,30.0,0,0,0,0,0000
54,i8KnemK3YTM,7, https://www.youtube.com/watch?v=i8KnemK3YTM,h264,640 x 360,30.0,0,0,0,0,0000
64,eF2Vms5WLPc,0, https://www.youtube.com/watch?v=eF2Vms5WLPc,h264,640 x 360,29.970029970029998,1,0,0,0,1000
65,eF2Vms5WLPc,1, https://www.youtube.com/watch?v=eF2Vms5WLPc,h264,640 x 360,29.970029970029998,0,0,1,0,0010
66,eF2Vms5WLPc,2, https://www.youtube.com/watch?v=eF2Vms5WLPc,h264,640 x 360,29.970029970029998,0,0,1,0,0010
67,eF2Vms5WLPc,3, https://www.youtube.com/watch?v=eF2Vms5WLPc,h264,640 x 360,29.970029970029998,0,0,1,0,0010
68,eF2Vms5WLPc,4, https://www.youtube.com/watch?v=eF2Vms5WLPc,h264,640 x 360,29.970029970029998,0,0,1,0,0010
69,eF2Vms5WLPc,5, https://www.youtube.com/watch?v=eF2Vms5WLPc,h264,640 x 360,29.970029970029998,0,0,0,0,0000
70,eF2Vms5WLPc,6, https://www.youtube.com/watch?v=eF2Vms5WLPc,h264,640 x 360,29.970029970029998,0,0,1,0,0010
71,eF2Vms5WLPc,7, https://www.youtube.com/watch?v=eF2Vms5WLPc,h264,640 x 360,29.970029970029998,0,0,1,0,0010
72,DODLEX4zzLQ,0, https://www.youtube.com/watch?v=DODLEX4zzLQ,h264,640 x 360,29.970029970029998,0,0,0,0,0000
73,DODLEX4zzLQ,1, https://www.youtube.com/watch?v=DODLEX4zzLQ,h264,640 x 360,29.970029970029998,0,0,0,0,0000
74,DODLEX4zzLQ,2, https://www.youtube.com/watch?v=DODLEX4zzLQ,h264,640 x 360,29.970029970029998,0,0,0,0,0000
75,DODLEX4zzLQ,3, https://www.youtube.com/watch?v=DODLEX4zzLQ,h264,640 x 360,29.970029970029998,0,0,0,0,0000
76,DODLEX4zzLQ,4, https://www.youtube.com/watch?v=DODLEX4zzLQ,h264,640 x 360,29.970029970029998,0,1,0,0,0100
77,DODLEX4zzLQ,5, https://www.youtube.com/watch?v=DODLEX4zzLQ,h264,640 x 360,29.970029970029998,0,1,0,0,0100
78,DODLEX4zzLQ,6, https://www.youtube.com/watch?v=DODLEX4zzLQ,h264,640 x 360,29.970029970029998,0,0,0,0,0000
79,DODLEX4zzLQ,7, https://www.youtube.com/watch?v=DODLEX4zzLQ,h264,640 x 360,29.970029970029998,0,1,0,0,0100
80,DODLEX4zzLQ,8, https://www.youtube.com/watch?v=DODLEX4zzLQ,h264,640 x 360,29.970029970029998,0,0,0,0,0000
81,DODLEX4zzLQ,9, https://www.youtube.com/watch?v=DODLEX4zzLQ,h264,640 x 360,29.970029970029998,0,0,0,0,0000
90,bZKpc2WCBvs,0, https://www.youtube.com/watch?v=bZKpc2WCBvs,h264,640 x 360,23.976023976024,1,0,0,0,1000
91,bZKpc2WCBvs,1, https://www.youtube.com/watch?v=bZKpc2WCBvs,h264,640 x 360,23.976023976024,0,0,0,0,0000
92,bZKpc2WCBvs,2, https://www.youtube.com/watch?v=bZKpc2WCBvs,h264,640 x 360,23.976023976024,0,0,0,0,0000
93,bZKpc2WCBvs,3, https://www.youtube.com/watch?v=bZKpc2WCBvs,h264,640 x 360,23.976023976024,0,0,0,0,0000
94,bZKpc2WCBvs,4, https://www.youtube.com/watch?v=bZKpc2WCBvs,h264,640 x 360,23.976023976024,0,0,0,0,0000
95,bZKpc2WCBvs,5, https://www.youtube.com/watch?v=bZKpc2WCBvs,h264,640 x 360,23.976023976024,0,0,0,0,0000
96,bZKpc2WCBvs,6, https://www.youtube.com/watch?v=bZKpc2WCBvs,h264,640 x 360,23.976023976024,0,0,0,0,0000
97,bZKpc2WCBvs,7, https://www.youtube.com/watch?v=bZKpc2WCBvs,h264,640 x 360,23.976023976024,0,0,0,0,0000
98,bWxQPzpL2zs,0, https://www.youtube.com/watch?v=bWxQPzpL2zs,h264,640 x 360,29.970058114906898,1,0,0,0,1000
99,bWxQPzpL2zs,1, https://www.youtube.com/watch?v=bWxQPzpL2zs,h264,640 x 360,29.970058114906898,0,0,0,0,0000
100,bWxQPzpL2zs,2, https://www.youtube.com/watch?v=bWxQPzpL2zs,h264,640 x 360,29.970058114906898,0,0,0,0,0000
101,bWxQPzpL2zs,3, https://www.youtube.com/watch?v=bWxQPzpL2zs,h264,640 x 360,29.970058114906898,0,0,0,0,0000
102,bWxQPzpL2zs,4, https://www.youtube.com/watch?v=bWxQPzpL2zs,h264,640 x 360,29.970058114906898,1,0,0,0,1000
103,bWxQPzpL2zs,5, https://www.youtube.com/watch?v=bWxQPzpL2zs,h264,640 x 360,29.970058114906898,0,0,0,0,0000
104,bWxQPzpL2zs,6, https://www.youtube.com/watch?v=bWxQPzpL2zs,h264,640 x 360,29.970058114906898,0,0,0,0,0000
105,bWxQPzpL2zs,7, https://www.youtube.com/watch?v=bWxQPzpL2zs,h264,640 x 360,29.970058114906898,1,0,0,0,1000
106,bWxQPzpL2zs,8, https://www.youtube.com/watch?v=bWxQPzpL2zs,h264,640 x 360,29.970058114906898,0,0,0,0,0000
107,bcENL_Vdoqw,0, https://www.youtube.com/watch?v=bcENL_Vdoqw,h264,640 x 360,23.976023976024,0,0,1,0,0010
108,bcENL_Vdoqw,1, https://www.youtube.com/watch?v=bcENL_Vdoqw,h264,640 x 360,23.976023976024,0,0,1,0,0010
109,bcENL_Vdoqw,2, https://www.youtube.com/watch?v=bcENL_Vdoqw,h264,640 x 360,23.976023976024,0,0,0,0,0000
110,Auyj3CNF5xk,0, https://www.youtube.com/watch?v=Auyj3CNF5xk,h264,640 x 360,30.0,1,1,0,0,1100
111,Auyj3CNF5xk,1, https://www.youtube.com/watch?v=Auyj3CNF5xk,h264,640 x 360,30.0,0,1,0,0,0100
112,Auyj3CNF5xk,2, https://www.youtube.com/watch?v=Auyj3CNF5xk,h264,640 x 360,30.0,1,0,0,0,1000
113,Auyj3CNF5xk,3, https://www.youtube.com/watch?v=Auyj3CNF5xk,h264,640 x 360,30.0,1,1,0,0,1100
114,Auyj3CNF5xk,4, https://www.youtube.com/watch?v=Auyj3CNF5xk,h264,640 x 360,30.0,1,1,0,0,1100
115,Auyj3CNF5xk,5, https://www.youtube.com/watch?v=Auyj3CNF5xk,h264,640 x 360,30.0,1,0,0,0,1000
116,Auyj3CNF5xk,6, https://www.youtube.com/watch?v=Auyj3CNF5xk,h264,640 x 360,30.0,1,1,0,0,1100
117,Auyj3CNF5xk,7, https://www.youtube.com/watch?v=Auyj3CNF5xk,h264,640 x 360,30.0,1,0,0,0,1000
118,Auyj3CNF5xk,8, https://www.youtube.com/watch?v=Auyj3CNF5xk,h264,640 x 360,30.0,1,1,0,0,1100
119,Auyj3CNF5xk,9, https://www.youtube.com/watch?v=Auyj3CNF5xk,h264,640 x 360,30.0,1,0,0,0,1000
120,Auyj3CNF5xk,10, https://www.youtube.com/watch?v=Auyj3CNF5xk,h264,640 x 360,30.0,0,0,0,0,0000
121,Auyj3CNF5xk,11, https://www.youtube.com/watch?v=Auyj3CNF5xk,h264,640 x 360,30.0,1,1,0,0,1100
122,30-LwQM9IlY,0, https://www.youtube.com/watch?v=30-LwQM9IlY,h264,640 x 360,29.9699868812877,0,0,0,1,0001
123,30-LwQM9IlY,1, https://www.youtube.com/watch?v=30-LwQM9IlY,h264,640 x 360,29.9699868812877,0,1,0,1,0101
124,30-LwQM9IlY,2, https://www.youtube.com/watch?v=30-LwQM9IlY,h264,640 x 360,29.9699868812877,0,0,0,1,0001
125,30-LwQM9IlY,3, https://www.youtube.com/watch?v=30-LwQM9IlY,h264,640 x 360,29.9699868812877,1,0,0,1,1001
126,30-LwQM9IlY,4, https://www.youtube.com/watch?v=30-LwQM9IlY,h264,640 x 360,29.9699868812877,0,1,0,0,0100
127,30-LwQM9IlY,5, https://www.youtube.com/watch?v=30-LwQM9IlY,h264,640 x 360,29.9699868812877,0,0,0,0,0000
128,YYlPKnlpJ2U,0, https://www.youtube.com/watch?v=YYlPKnlpJ2U,h264,640 x 360,28.095908894548696,1,0,0,1,1001
129,YYlPKnlpJ2U,1, https://www.youtube.com/watch?v=YYlPKnlpJ2U,h264,640 x 360,28.095908894548696,1,0,1,1,1011
130,YYlPKnlpJ2U,2, https://www.youtube.com/watch?v=YYlPKnlpJ2U,h264,640 x 360,28.095908894548696,1,0,0,1,1001
131,YYlPKnlpJ2U,3, https://www.youtube.com/watch?v=YYlPKnlpJ2U,h264,640 x 360,28.095908894548696,0,0,1,1,0011
132,xfsGIrvglO8,0, https://www.youtube.com/watch?v=xfsGIrvglO8,h264,,,0,1,0,0,0100
133,xfsGIrvglO8,1, https://www.youtube.com/watch?v=xfsGIrvglO8,h264,640 x 360,23.975986648177802,0,1,0,0,0100
134,xfsGIrvglO8,2, https://www.youtube.com/watch?v=xfsGIrvglO8,h264,640 x 360,23.975986648177802,0,1,0,0,0100
135,xfsGIrvglO8,3, https://www.youtube.com/watch?v=xfsGIrvglO8,h264,640 x 360,23.975986648177802,0,1,0,0,0100
136,X27R97m0Z8c,0, https://www.youtube.com/watch?v=X27R97m0Z8c,h264,640 x 360,25.0,1,0,1,0,1010
137,X27R97m0Z8c,1, https://www.youtube.com/watch?v=X27R97m0Z8c,h264,640 x 360,25.0,0,0,1,0,0010
138,X27R97m0Z8c,2, https://www.youtube.com/watch?v=X27R97m0Z8c,h264,640 x 360,25.0,0,0,1,0,0010
139,X27R97m0Z8c,3, https://www.youtube.com/watch?v=X27R97m0Z8c,h264,640 x 360,25.0,0,0,1,0,0010
140,X27R97m0Z8c,4, https://www.youtube.com/watch?v=X27R97m0Z8c,h264,640 x 360,25.0,0,0,0,0,0000
141,vZMd_PSEuRk,0, https://www.youtube.com/watch?v=vZMd_PSEuRk,h264,474 x 360,29.92,0,1,0,0,0100
142,vZMd_PSEuRk,1, https://www.youtube.com/watch?v=vZMd_PSEuRk,h264,474 x 360,29.92,0,1,0,0,0100
143,vZMd_PSEuRk,2, https://www.youtube.com/watch?v=vZMd_PSEuRk,h264,474 x 360,29.92,0,1,0,0,0100
144,vZMd_PSEuRk,3, https://www.youtube.com/watch?v=vZMd_PSEuRk,h264,474 x 360,29.92,0,1,0,0,0100
145,vZMd_PSEuRk,4, https://www.youtube.com/watch?v=vZMd_PSEuRk,h264,474 x 360,29.92,0,1,0,0,0100
146,vZMd_PSEuRk,5, https://www.youtube.com/watch?v=vZMd_PSEuRk,h264,474 x 360,29.92,0,1,0,0,0100
147,VxlUTNfoBPw,0, https://www.youtube.com/watch?v=VxlUTNfoBPw,h264,640 x 360,23.976052941996798,0,0,1,0,0010
148,VxlUTNfoBPw,1, https://www.youtube.com/watch?v=VxlUTNfoBPw,h264,640 x 360,23.976052941996798,0,0,1,0,0010
149,VxlUTNfoBPw,2, https://www.youtube.com/watch?v=VxlUTNfoBPw,h264,640 x 360,23.976052941996798,0,0,1,0,0010
150,VxlUTNfoBPw,3, https://www.youtube.com/watch?v=VxlUTNfoBPw,h264,640 x 360,23.976052941996798,0,1,1,0,0110
151,VxlUTNfoBPw,4, https://www.youtube.com/watch?v=VxlUTNfoBPw,h264,640 x 360,23.976052941996798,0,1,1,0,0110
152,VxlUTNfoBPw,5, https://www.youtube.com/watch?v=VxlUTNfoBPw,h264,640 x 360,23.976052941996798,1,0,1,0,1010
153,VxlUTNfoBPw,6, https://www.youtube.com/watch?v=VxlUTNfoBPw,h264,640 x 360,23.976052941996798,0,0,1,0,0010
154,VxlUTNfoBPw,7, https://www.youtube.com/watch?v=VxlUTNfoBPw,h264,640 x 360,23.976052941996798,1,0,1,0,1010
155,VxlUTNfoBPw,8, https://www.youtube.com/watch?v=VxlUTNfoBPw,h264,640 x 360,23.976052941996798,0,0,1,0,0010
156,VxlUTNfoBPw,9, https://www.youtube.com/watch?v=VxlUTNfoBPw,h264,640 x 360,23.976052941996798,1,0,1,0,1010
157,VxlUTNfoBPw,10, https://www.youtube.com/watch?v=VxlUTNfoBPw,h264,640 x 360,23.976052941996798,0,0,1,0,0010
158,VxlUTNfoBPw,11, https://www.youtube.com/watch?v=VxlUTNfoBPw,h264,640 x 360,23.976052941996798,0,0,0,0,0000
159,VxlUTNfoBPw,12, https://www.youtube.com/watch?v=VxlUTNfoBPw,h264,640 x 360,23.976052941996798,0,0,0,0,0000
160,tt7690016,0, https://www.youtube.com/watch?v=9q7g4zz20Kc,h264,640 x 360,23.975947424902202,1,0,0,0,1000
161,tt7690016,1, https://www.youtube.com/watch?v=9q7g4zz20Kc,h264,640 x 360,23.975947424902202,1,0,0,0,1000
162,tt6521876,0, https://www.youtube.com/watch?v=MyQyEvX9eaY,h264,640 x 360,23.976023976024,1,0,0,0,1000
163,tt6521876,1, https://www.youtube.com/watch?v=MyQyEvX9eaY,h264,640 x 360,23.976023976024,1,0,1,0,1010
164,tt6521876,2, https://www.youtube.com/watch?v=MyQyEvX9eaY,h264,640 x 360,23.976023976024,1,0,0,1,1001
165,tt6521876,3, https://www.youtube.com/watch?v=MyQyEvX9eaY,h264,640 x 360,23.976023976024,0,0,0,0,0000
166,tt6051948,0, https://www.youtube.com/watch?v=a_DAjaPVw0A,h264,640 x 360,23.976023976024,1,0,0,1,1001
167,tt6051948,1, https://www.youtube.com/watch?v=a_DAjaPVw0A,h264,640 x 360,23.976023976024,1,0,0,0,1000
168,tt4843640,0, https://www.youtube.com/watch?v=JKECodvA2wg,h264,640 x 360,29.969960895385604,1,1,0,0,1100
169,tt4843640,1, https://www.youtube.com/watch?v=JKECodvA2wg,h264,640 x 360,29.969960895385604,1,1,0,0,1100
170,tt4843640,2, https://www.youtube.com/watch?v=JKECodvA2wg,h264,640 x 360,29.969960895385604,0,0,0,0,0000
171,tt4651520,0, https://www.imdb.com/videoplayer/vi483112729,h264,854 x 480,23.976023976024,1,1,0,0,1100
172,tt4651520,1, https://www.imdb.com/videoplayer/vi483112729,h264,854 x 480,23.976023976024,1,1,0,0,1100
173,tt4651520,2, https://www.imdb.com/videoplayer/vi483112729,h264,854 x 480,23.976023976024,1,0,0,0,1000
180,tt3675748,0, https://www.imdb.com/videoplayer/vi2396895769,h264,854 x 362,24.0,0,0,1,0,0010
181,tt3675748,1, https://www.imdb.com/videoplayer/vi2396895769,h264,854 x 362,24.0,0,0,1,0,0010
182,tt3491962,0, https://www.imdb.com/videoplayer/vi213366553,h264,854 x 362,23.976023976024,0,0,1,0,0010
183,tt3491962,1, https://www.imdb.com/videoplayer/vi213366553,h264,854 x 362,23.976023976024,0,0,1,0,0010
184,tt3491962,2, https://www.imdb.com/videoplayer/vi213366553,h264,854 x 362,23.976023976024,0,0,1,0,0010
185,tt2937696,0, https://www.imdb.com/videoplayer/vi4050564377,h264,854 x 480,23.976023976024,1,0,0,0,1000
186,tt2937696,1, https://www.imdb.com/videoplayer/vi4050564377,h264,854 x 480,23.976023976024,1,1,0,0,1100
191,sra_H9o7pjA,0, https://www.youtube.com/watch?v=sra_H9o7pjA,h264,640 x 360,30.0,0,1,0,0,0100
192,sra_H9o7pjA,1, https://www.youtube.com/watch?v=sra_H9o7pjA,h264,640 x 360,30.0,0,1,0,0,0100
193,sra_H9o7pjA,2, https://www.youtube.com/watch?v=sra_H9o7pjA,h264,640 x 360,30.0,0,1,0,0,0100
194,sra_H9o7pjA,3, https://www.youtube.com/watch?v=sra_H9o7pjA,h264,640 x 360,30.0,0,1,0,0,0100
195,sra_H9o7pjA,4, https://www.youtube.com/watch?v=sra_H9o7pjA,h264,640 x 360,30.0,0,1,0,0,0100
196,sra_H9o7pjA,5, https://www.youtube.com/watch?v=sra_H9o7pjA,h264,640 x 360,30.0,0,1,0,0,0100
197,sra_H9o7pjA,6, https://www.youtube.com/watch?v=sra_H9o7pjA,h264,640 x 360,30.0,0,0,0,0,0000
198,sra_H9o7pjA,7, https://www.youtube.com/watch?v=sra_H9o7pjA,h264,640 x 360,30.0,0,1,0,0,0100
199,sra_H9o7pjA,8, https://www.youtube.com/watch?v=sra_H9o7pjA,h264,640 x 360,30.0,0,0,0,0,0000
200,sra_H9o7pjA,9, https://www.youtube.com/watch?v=sra_H9o7pjA,h264,640 x 360,30.0,0,0,0,0,0000
205,7XkWU0M0M9s,0, https://www.youtube.com/watch?v=7XkWU0M0M9s,h264,640 x 360,24.0,0,1,0,0,0100
206,7XkWU0M0M9s,1, https://www.youtube.com/watch?v=7XkWU0M0M9s,h264,640 x 360,24.0,0,1,0,0,0100
207,7XkWU0M0M9s,2, https://www.youtube.com/watch?v=7XkWU0M0M9s,h264,640 x 360,24.0,0,1,0,0,0100
208,7XkWU0M0M9s,3, https://www.youtube.com/watch?v=7XkWU0M0M9s,h264,640 x 360,24.0,0,1,0,0,0100
209,7XkWU0M0M9s,4, https://www.youtube.com/watch?v=7XkWU0M0M9s,h264,640 x 360,24.0,0,1,0,0,0100
210,7XkWU0M0M9s,5, https://www.youtube.com/watch?v=7XkWU0M0M9s,h264,640 x 360,24.0,0,1,0,0,0100
211,7XkWU0M0M9s,6, https://www.youtube.com/watch?v=7XkWU0M0M9s,h264,640 x 360,24.0,0,0,0,0,0000
212,7XkWU0M0M9s,7, https://www.youtube.com/watch?v=7XkWU0M0M9s,h264,640 x 360,24.0,0,1,0,0,0100
213,7XkWU0M0M9s,8, https://www.youtube.com/watch?v=7XkWU0M0M9s,h264,640 x 360,24.0,0,1,0,0,0100
214,7XkWU0M0M9s,9, https://www.youtube.com/watch?v=7XkWU0M0M9s,h264,640 x 360,24.0,0,1,0,0,0100
215,4Xp4z5qlyqs,0, https://www.youtube.com/watch?v=4Xp4z5qlyqs,h264,640 x 360,29.969984123091603,0,0,0,1,0001
216,4Xp4z5qlyqs,1, https://www.youtube.com/watch?v=4Xp4z5qlyqs,h264,640 x 360,29.969984123091603,0,0,0,1,0001
217,4Xp4z5qlyqs,2, https://www.youtube.com/watch?v=4Xp4z5qlyqs,h264,640 x 360,29.969984123091603,0,0,0,1,0001
218,4Xp4z5qlyqs,3, https://www.youtube.com/watch?v=4Xp4z5qlyqs,h264,640 x 360,29.969984123091603,1,0,0,1,1001
219,4Xp4z5qlyqs,4, https://www.youtube.com/watch?v=4Xp4z5qlyqs,h264,640 x 360,29.969984123091603,0,0,0,1,0001
220,4Xp4z5qlyqs,5, https://www.youtube.com/watch?v=4Xp4z5qlyqs,h264,640 x 360,29.969984123091603,0,0,0,1,0001
221,4Xp4z5qlyqs,6, https://www.youtube.com/watch?v=4Xp4z5qlyqs,h264,640 x 360,29.969984123091603,0,0,0,1,0001
222,4Xp4z5qlyqs,7, https://www.youtube.com/watch?v=4Xp4z5qlyqs,h264,640 x 360,29.969984123091603,0,0,0,1,0001
223,4Xp4z5qlyqs,8, https://www.youtube.com/watch?v=4Xp4z5qlyqs,h264,640 x 360,29.969984123091603,1,0,0,0,1000
224,0g_aiwRKJqM,0, https://www.youtube.com/watch?v=0g_aiwRKJqM,h264,640 x 360,29.970029970029998,1,0,1,0,1010
225,0g_aiwRKJqM,1, https://www.youtube.com/watch?v=0g_aiwRKJqM,h264,640 x 360,29.970029970029998,0,0,1,0,0010
226,0g_aiwRKJqM,2, https://www.youtube.com/watch?v=0g_aiwRKJqM,h264,640 x 360,29.970029970029998,0,1,0,0,0100
227,0g_aiwRKJqM,3, https://www.youtube.com/watch?v=0g_aiwRKJqM,h264,640 x 360,29.970029970029998,0,1,0,0,0100
228,0g_aiwRKJqM,4, https://www.youtube.com/watch?v=0g_aiwRKJqM,h264,640 x 360,29.970029970029998,0,0,0,0,0000
229,0g_aiwRKJqM,5, https://www.youtube.com/watch?v=0g_aiwRKJqM,h264,640 x 360,29.970029970029998,0,0,1,0,0010
230,0g_aiwRKJqM,6, https://www.youtube.com/watch?v=0g_aiwRKJqM,h264,640 x 360,29.970029970029998,0,0,0,1,0001
231,0g_aiwRKJqM,7, https://www.youtube.com/watch?v=0g_aiwRKJqM,h264,640 x 360,29.970029970029998,0,0,0,0,0000
232,0g_aiwRKJqM,8, https://www.youtube.com/watch?v=0g_aiwRKJqM,h264,640 x 360,29.970029970029998,0,1,0,0,0100
233,0g_aiwRKJqM,9, https://www.youtube.com/watch?v=0g_aiwRKJqM,h264,640 x 360,29.970029970029998,0,0,1,0,0010
234,0g_aiwRKJqM,10, https://www.youtube.com/watch?v=0g_aiwRKJqM,h264,640 x 360,29.970029970029998,0,0,1,0,0010
235,0g_aiwRKJqM,11, https://www.youtube.com/watch?v=0g_aiwRKJqM,h264,640 x 360,29.970029970029998,0,0,0,0,0000
236,0g_aiwRKJqM,12, https://www.youtube.com/watch?v=0g_aiwRKJqM,h264,640 x 360,29.970029970029998,0,1,0,0,0100
237,v6IyejLa35s,0,https://www.youtube.com/watch?v=v6IyejLa35s,h264,640 x 360,25.0,1,0,1,0,1010
238,v6IyejLa35s,1,https://www.youtube.com/watch?v=v6IyejLa35s,h264,640 x 360,25.0,1,0,1,0,1010
239,v6IyejLa35s,2,https://www.youtube.com/watch?v=v6IyejLa35s,h264,640 x 360,25.0,1,0,1,0,1010
240,uThDGzLhOXg,0,https://www.youtube.com/watch?v=uThDGzLhOXg,h264,640 x 360,29.970029970029998,1,0,0,0,1000
241,uThDGzLhOXg,1,https://www.youtube.com/watch?v=uThDGzLhOXg,h264,640 x 360,29.970029970029998,1,0,0,0,1000
242,uThDGzLhOXg,2,https://www.youtube.com/watch?v=uThDGzLhOXg,h264,640 x 360,29.970029970029998,1,0,0,0,1000
243,tt8366502,0,https://www.youtube.com/watch?v=VYxDD1KyRxY,h264,640 x 360,30.0,1,0,0,0,1000
244,tt8366502,1,https://www.youtube.com/watch?v=VYxDD1KyRxY,h264,640 x 360,30.0,1,0,0,0,1000
245,tt8366502,2,https://www.youtube.com/watch?v=VYxDD1KyRxY,h264,640 x 360,30.0,0,0,0,0,0000
246,tt8097306,0,https://www.youtube.com/watch?v=30957QU9A6k,h264,640 x 360,23.975877288817,1,0,0,0,1000
247,tt8097306,1,https://www.youtube.com/watch?v=30957QU9A6k,h264,640 x 360,23.975877288817,1,0,0,0,1000
248,tt7734218,0,https://www.youtube.com/watch?v=idLxrjDjHUU,h264,640 x 360,23.976023976024,1,0,1,0,1010
249,tt7734218,1,https://www.youtube.com/watch?v=idLxrjDjHUU,h264,640 x 360,23.976023976024,1,0,1,0,1010
250,tt7734218,2,https://www.youtube.com/watch?v=idLxrjDjHUU,h264,640 x 360,23.976023976024,0,0,0,0,0000
251,tt7319064,0,https://www.youtube.com/watch?v=Ygwk9tnYp44,h264,640 x 360,23.9760904789532,0,0,1,0,0010
252,tt7319064,1,https://www.youtube.com/watch?v=Ygwk9tnYp44,h264,640 x 360,23.9760904789532,0,0,1,0,0010
253,tt7256866,0,https://www.youtube.com/watch?v=FHUqdpTkOdk,h264,640 x 360,30.0,1,0,0,0,1000
254,tt7256866,1,https://www.youtube.com/watch?v=FHUqdpTkOdk,h264,640 x 360,30.0,1,1,0,0,1100
255,tt7256866,2,https://www.youtube.com/watch?v=FHUqdpTkOdk,h264,640 x 360,30.0,1,1,0,0,1100
256,tt6516314,0,https://www.youtube.com/watch?v=Dwl8gW8bSOo,h264,640 x 360,23.976023976024,1,0,0,0,1000
257,tt6516314,1,https://www.youtube.com/watch?v=Dwl8gW8bSOo,h264,640 x 360,23.976023976024,0,0,1,0,0010
258,tt6516314,2,https://www.youtube.com/watch?v=Dwl8gW8bSOo,h264,640 x 360,23.976023976024,0,0,1,0,0010
261,tt5879216,0,https://www.youtube.com/watch?v=uSmEI4In34A,h264,640 x 360,23.976023976024,1,0,1,0,1010
262,tt5879216,1,https://www.youtube.com/watch?v=uSmEI4In34A,h264,640 x 360,23.976023976024,1,0,0,0,1000
263,tt5879216,2,https://www.youtube.com/watch?v=uSmEI4In34A,h264,640 x 360,23.976023976024,1,0,0,0,1000
264,tt5716848,0,https://www.youtube.com/watch?v=8FshAlpMcvM,h264,640 x 360,30.0,1,0,0,0,1000
265,tt5716848,1,https://www.youtube.com/watch?v=8FshAlpMcvM,h264,640 x 360,30.0,1,0,0,0,1000
266,tt5688932,0,https://www.youtube.com/watch?v=QdFBAvAYfak,h264,640 x 360,24.0,1,0,0,0,1000
267,tt5688932,1,https://www.youtube.com/watch?v=QdFBAvAYfak,h264,640 x 360,24.0,1,0,0,0,1000
268,tt5688932,2,https://www.youtube.com/watch?v=QdFBAvAYfak,h264,640 x 360,24.0,1,0,0,0,1000
270,tt5162658,0,https://www.youtube.com/watch?v=dpL-YGK_E68,h264,640 x 360,23.9759039392561,1,0,0,0,1000
271,tt5162658,1,https://www.youtube.com/watch?v=dpL-YGK_E68,h264,640 x 360,23.9759039392561,1,0,0,0,1000
272,tt5027774,0,https://www.imdb.com/videoplayer/vi3585980441,h264,854 x 480,23.976023976024,0,0,0,0,0000
276,tt4738776,0,https://www.youtube.com/watch?v=4RvNAPzfH5g,h264,640 x 360,23.976078071164103,1,0,0,0,1000
277,tt4738776,1,https://www.youtube.com/watch?v=4RvNAPzfH5g,h264,640 x 360,23.976078071164103,1,0,0,0,1000
278,tt4738776,2,https://www.youtube.com/watch?v=4RvNAPzfH5g,h264,640 x 360,23.976078071164103,1,0,0,0,1000
279,tt4649466,0,https://www.imdb.com/videoplayer/vi734968089,h264,854 x 480,23.976023976024,0,0,1,0,0010
280,tt4649466,1,https://www.imdb.com/videoplayer/vi734968089,h264,854 x 480,23.976023976024,0,0,1,0,0010
284,tt4481514,0,https://www.imdb.com/videoplayer/vi2541992217,h264,854 x 480,23.976023976024,1,0,0,0,1000
285,tt4481514,1,https://www.imdb.com/videoplayer/vi2541992217,h264,854 x 480,23.976023976024,1,1,0,0,1100
286,tt4481514,2,https://www.imdb.com/videoplayer/vi2541992217,h264,854 x 480,23.976023976024,0,0,1,0,0010
287,tt4438848,0,https://www.imdb.com/videoplayer/vi3561141529,h264,854 x 480,23.976023976024,1,0,0,0,1000
288,tt4438848,1,https://www.imdb.com/videoplayer/vi3561141529,h264,854 x 480,23.976023976024,1,0,0,0,1000
289,tt4438848,2,https://www.imdb.com/videoplayer/vi3561141529,h264,854 x 480,23.976023976024,1,1,0,0,1100
290,tt4156972,0,https://www.youtube.com/watch?v=C0Bi1_jLQAE,h264,640 x 360,23.976023976024,1,0,0,0,1000
291,tt4156972,1,https://www.youtube.com/watch?v=C0Bi1_jLQAE,h264,640 x 360,23.976023976024,0,0,0,0,0000
299,tt3564200,0,https://www.imdb.com/videoplayer/vi1458549529,h264,854 x 362,23.976023976024,1,0,1,0,1010
300,tt3564200,1,https://www.imdb.com/videoplayer/vi1458549529,h264,854 x 362,23.976023976024,1,1,0,0,1100
301,tt3279176,0,https://www.imdb.com/videoplayer/vi3062869529,h264,852 x 480,23.9762263896081,1,0,0,0,1000
302,tt3279176,1,https://www.imdb.com/videoplayer/vi3062869529,h264,852 x 480,23.9762263896081,1,0,0,0,1000
303,tt2980472,0,https://www.imdb.com/videoplayer/vi4111446297,h264,854 x 480,29.97,1,0,0,0,1000
304,tt2980472,1,https://www.imdb.com/videoplayer/vi4111446297,h264,854 x 480,29.97,1,1,0,0,1100
305,tt2917484,0,https://www.youtube.com/watch?v=ghaWbAk5VGo,h264,640 x 360,23.976023976024,1,0,1,0,1010
306,tt2917484,1,https://www.youtube.com/watch?v=ghaWbAk5VGo,h264,640 x 360,23.976023976024,1,0,1,0,1010
307,tt2784678,0,https://www.imdb.com/videoplayer/vi6270745,h264,852 x 480,29.970102545474898,1,0,0,0,1000
308,tt2784678,1,https://www.imdb.com/videoplayer/vi6270745,h264,852 x 480,29.970102545474898,1,0,0,0,1000
309,tt2784678,2,https://www.imdb.com/videoplayer/vi6270745,h264,852 x 480,29.970102545474898,1,0,0,0,1000
310,tt2718440,0,https://www.imdb.com/videoplayer/vi847688217,h264,854 x 480,23.976023976024,1,0,0,0,1000
311,tt2718440,1,https://www.imdb.com/videoplayer/vi847688217,h264,854 x 480,23.976023976024,1,0,0,0,1000
312,tt2718440,2,https://www.imdb.com/videoplayer/vi847688217,h264,854 x 480,23.976023976024,1,0,1,0,1010
313,tt2713642,0,https://www.imdb.com/videoplayer/vi2838473753,h264,854 x 362,23.976023976024,0,0,1,0,0010
317,tt2557490,0,https://www.imdb.com/videoplayer/vi2623188249,h264,854 x 480,23.976023976024,1,0,1,0,1010
318,tt2557490,1,https://www.imdb.com/videoplayer/vi2623188249,h264,854 x 480,23.976023976024,1,0,0,0,1000
319,tt2557490,2,https://www.imdb.com/videoplayer/vi2623188249,h264,854 x 480,23.976023976024,1,1,0,0,1100
320,tt2404463,0,https://www.imdb.com/videoplayer/vi3474040601,h264,854 x 480,23.976023976024,1,0,0,1,1001
321,tt2404463,1,https://www.imdb.com/videoplayer/vi3474040601,h264,854 x 480,23.976023976024,1,1,0,0,1100
322,tt2404463,2,https://www.imdb.com/videoplayer/vi3474040601,h264,854 x 480,23.976023976024,0,0,0,0,0000
323,tt2380564,0,https://www.imdb.com/videoplayer/vi3209145369,h264,852 x 480,29.959662353309003,1,0,0,0,1000
324,tt2380564,1,https://www.imdb.com/videoplayer/vi3209145369,h264,852 x 480,29.959662353309003,1,0,0,0,1000
325,tt2380564,2,https://www.imdb.com/videoplayer/vi3209145369,h264,852 x 480,29.959662353309003,0,0,0,0,0000
329,tt2278388,0,https://www.imdb.com/videoplayer/vi1157933593,h264,854 x 480,23.976023976024,0,0,0,0,0000
330,tt2278388,1,https://www.imdb.com/videoplayer/vi1157933593,h264,854 x 480,23.976023976024,0,1,0,0,0100
331,tt2278388,2,https://www.imdb.com/videoplayer/vi1157933593,h264,854 x 480,23.976023976024,0,0,0,0,0000
332,tt2244901,0,https://www.imdb.com/videoplayer/vi3971000601,h264,854 x 480,23.976023976024,1,0,0,0,1000
333,tt2244901,1,https://www.imdb.com/videoplayer/vi3971000601,h264,854 x 480,23.976023976024,1,0,0,0,1000
334,tt2244901,2,https://www.imdb.com/videoplayer/vi3971000601,h264,854 x 480,23.976023976024,0,0,0,0,0000
335,tt2230358,0,https://www.imdb.com/videoplayer/vi3028461849,h264,854 x 480,23.976023976024,0,0,0,0,0000
336,tt2230358,1,https://www.imdb.com/videoplayer/vi3028461849,h264,854 x 480,23.976023976024,0,0,0,0,0000
337,tt2179936,0,https://www.imdb.com/videoplayer/vi2294331929,h264,854 x 480,23.976023976024,1,0,0,0,1000
338,tt2179936,1,https://www.imdb.com/videoplayer/vi2294331929,h264,854 x 480,23.976023976024,0,0,0,0,0000
339,tt2179116,0,https://www.imdb.com/videoplayer/vi700687897,h264,852 x 480,23.977414397002697,0,0,0,1,0001
340,tt2179116,1,https://www.imdb.com/videoplayer/vi700687897,h264,852 x 480,23.977414397002697,0,0,0,0,0000
341,tt2179116,2,https://www.imdb.com/videoplayer/vi700687897,h264,852 x 480,23.977414397002697,0,0,0,0,0000
344,tt2101441,0,https://www.imdb.com/videoplayer/vi138913561,h264,854 x 480,29.97,1,0,0,0,1000
345,tt2101441,1,https://www.imdb.com/videoplayer/vi138913561,h264,854 x 480,29.97,1,0,0,0,1000
346,tt2101441,2,https://www.imdb.com/videoplayer/vi138913561,h264,854 x 480,29.97,0,0,0,0,0000
347,tt2005164,0,https://www.imdb.com/videoplayer/vi2446959897,h264,854 x 480,29.970029970029998,0,0,1,0,0010
348,tt2005164,1,https://www.imdb.com/videoplayer/vi2446959897,h264,854 x 480,29.970029970029998,0,0,1,0,0010
349,tt2005164,2,https://www.imdb.com/videoplayer/vi2446959897,h264,854 x 480,29.970029970029998,0,0,1,0,0010
350,tt1959563,0,https://www.youtube.com/watch?v=n9vy7NFKSus,h264,640 x 360,23.976023976024,1,0,1,0,1010
351,tt1959563,1,https://www.youtube.com/watch?v=n9vy7NFKSus,h264,640 x 360,23.976023976024,1,0,1,0,1010
352,tt1959563,2,https://www.youtube.com/watch?v=n9vy7NFKSus,h264,640 x 360,23.976023976024,0,0,0,0,0000
353,tt1879032,0,https://www.imdb.com/videoplayer/vi2533860889,h264,852 x 480,23.976285799495695,1,0,0,0,1000
354,tt1879032,1,https://www.imdb.com/videoplayer/vi2533860889,h264,852 x 480,23.976285799495695,0,0,1,0,0010
357,tt1758795,0,https://www.imdb.com/videoplayer/vi2857805337,h264,854 x 480,23.976023976024,1,0,0,0,1000
358,tt1758795,1,https://www.imdb.com/videoplayer/vi2857805337,h264,854 x 480,23.976023976024,1,0,0,0,1000
359,tt1758795,2,https://www.imdb.com/videoplayer/vi2857805337,h264,854 x 480,23.976023976024,1,0,0,0,1000
360,tt1714203,0,https://www.imdb.com/videoplayer/vi1902617369,h264,854 x 480,23.976023976024,1,0,0,0,1000
361,tt1714203,1,https://www.imdb.com/videoplayer/vi1902617369,h264,854 x 480,23.976023976024,0,0,0,0,0000
362,tt1714203,2,https://www.imdb.com/videoplayer/vi1902617369,h264,854 x 480,23.976023976024,0,0,0,0,0000
363,tt1637725,0,https://www.imdb.com/videoplayer/vi3048383257,h264,854 x 480,23.976023976024,0,0,0,0,0000
364,tt1637725,1,https://www.imdb.com/videoplayer/vi3048383257,h264,854 x 480,23.976023976024,1,0,0,0,1000
365,tt1637725,2,https://www.imdb.com/videoplayer/vi3048383257,h264,854 x 480,23.976023976024,0,1,0,0,0100
369,tt1524930,0,https://www.youtube.com/watch?v=ScMOyURq9os,h264,640 x 360,23.976023976024,1,0,0,0,1000
370,tt1524930,1,https://www.youtube.com/watch?v=ScMOyURq9os,h264,640 x 360,23.976023976024,0,0,0,0,0000
371,tt1524930,2,https://www.youtube.com/watch?v=ScMOyURq9os,h264,640 x 360,23.976023976024,0,1,0,0,0100
372,tt1478338,0,https://www.imdb.com/videoplayer/vi657366297,h264,854 x 362,29.97,1,0,0,1,1001
373,tt1478338,1,https://www.imdb.com/videoplayer/vi657366297,h264,854 x 362,29.97,1,0,0,0,1000
374,tt1478338,2,https://www.imdb.com/videoplayer/vi657366297,h264,854 x 362,29.97,0,0,0,0,0000
382,tt1240982,0,https://www.imdb.com/videoplayer/vi282369305,h264,704 x 300,29.97,1,0,0,0,1000
383,tt1240982,1,https://www.imdb.com/videoplayer/vi282369305,h264,704 x 300,29.97,1,0,0,0,1000
384,tt1232829,0,https://www.imdb.com/videoplayer/vi1681366553,h264,854 x 480,23.976023976024,1,0,0,0,1000
385,tt1232829,1,https://www.imdb.com/videoplayer/vi1681366553,h264,854 x 480,23.976023976024,1,0,0,0,1000
386,tt1232829,2,https://www.imdb.com/videoplayer/vi1681366553,h264,854 x 480,23.976023976024,0,0,0,0,0000
387,tt1220617,0,https://www.youtube.com/watch?v=rxJGQyddD_A,h264,640 x 360,23.9759403496462,1,0,0,0,1000
388,tt1220617,1,https://www.youtube.com/watch?v=rxJGQyddD_A,h264,640 x 360,23.9759403496462,1,0,0,0,1000
389,tt1220617,2,https://www.youtube.com/watch?v=rxJGQyddD_A,h264,640 x 360,23.9759403496462,1,0,0,0,1000
393,tt1156398,0,https://www.imdb.com/videoplayer/vi17999641,h264,854 x 480,23.976023976024,0,0,1,0,0010
394,tt1156398,1,https://www.imdb.com/videoplayer/vi17999641,h264,854 x 480,23.976023976024,0,0,1,0,0010
395,tt1156398,2,https://www.imdb.com/videoplayer/vi17999641,h264,854 x 480,23.976023976024,0,0,0,0,0000
399,tt0995039,0,https://www.imdb.com/videoplayer/vi3501196057,h264,480 x 270,23.976023976024,0,0,0,1,0001
400,tt0810922,0,https://www.imdb.com/videoplayer/vi2097977881,h264,854 x 480,23.976023976024,0,0,0,0,0000
407,tt0398839,0,https://www.imdb.com/videoplayer/vi4242866457,h264,640 x 480,29.970029970029998,1,0,0,0,1000
408,tt0398839,1,https://www.imdb.com/videoplayer/vi4242866457,h264,640 x 480,29.970029970029998,1,0,0,0,1000
409,tt0368343,0,https://www.imdb.com/videoplayer/vi3987931417,h264,640 x 480,29.970029970029998,1,0,0,0,1000
411,tt0287969,0,https://www.imdb.com/videoplayer/vi817824025,h264,640 x 480,29.970029970029998,0,0,0,0,0000
412,tt0287969,1,https://www.imdb.com/videoplayer/vi817824025,h264,640 x 480,29.970029970029998,1,0,0,0,1000
413,tt0287969,2,https://www.imdb.com/videoplayer/vi817824025,h264,640 x 480,29.970029970029998,1,0,0,0,1000
414,tt0117951,0,https://www.imdb.com/videoplayer/vi2148899865,h264,640 x 480,29.970029970029998,1,0,0,0,1000
415,tt0117951,1,https://www.imdb.com/videoplayer/vi2148899865,h264,640 x 480,29.970029970029998,0,0,0,0,0000
416,tt0066344,0,https://www.youtube.com/watch?v=VZ3lr3urgDU,h264,640 x 266,23.9760368777664,0,0,0,0,0000
417,tt0066344,1,https://www.youtube.com/watch?v=VZ3lr3urgDU,h264,640 x 266,23.9760368777664,0,1,0,0,0100
418,tt0066344,2,https://www.youtube.com/watch?v=VZ3lr3urgDU,h264,640 x 266,23.9760368777664,0,0,0,0,0000
419,tMAwr-m4f3A,0,https://www.youtube.com/watch?v=tMAwr-m4f3A,h264,640 x 360,29.970045831497302,0,0,1,0,0010
420,tMAwr-m4f3A,1,https://www.youtube.com/watch?v=tMAwr-m4f3A,h264,640 x 360,29.970045831497302,0,0,1,0,0010
421,tMAwr-m4f3A,2,https://www.youtube.com/watch?v=tMAwr-m4f3A,h264,640 x 360,29.970045831497302,0,0,1,0,0010
422,sRaF4gk1yhY,0,https://www.youtube.com/watch?v=sRaF4gk1yhY,h264,320 x 214,29.970029970029998,0,1,0,0,0100
423,sRaF4gk1yhY,1,https://www.youtube.com/watch?v=sRaF4gk1yhY,h264,320 x 214,29.970029970029998,0,1,0,0,0100
424,sRaF4gk1yhY,2,https://www.youtube.com/watch?v=sRaF4gk1yhY,h264,320 x 214,29.970029970029998,0,1,0,0,0100
425,rvgYBbc6vYk,0,https://www.youtube.com/watch?v=rvgYBbc6vYk,h264,640 x 360,25.0,1,0,0,0,1000
426,rvgYBbc6vYk,1,https://www.youtube.com/watch?v=rvgYBbc6vYk,h264,640 x 360,25.0,1,0,0,0,1000
427,rvgYBbc6vYk,2,https://www.youtube.com/watch?v=rvgYBbc6vYk,h264,640 x 360,25.0,1,0,0,0,1000
428,rqtN279OoX8,0,https://www.youtube.com/watch?v=rqtN279OoX8,h264,640 x 360,29.970029970029998,0,0,1,0,0010
429,rqtN279OoX8,1,https://www.youtube.com/watch?v=rqtN279OoX8,h264,640 x 360,29.970029970029998,0,0,1,0,0010
430,rqtN279OoX8,2,https://www.youtube.com/watch?v=rqtN279OoX8,h264,640 x 360,29.970029970029998,0,0,0,0,0000
431,Rq1QAEyVK2w,0,https://www.youtube.com/watch?v=Rq1QAEyVK2w,h264,640 x 360,29.970001250546797,0,1,0,0,0100
432,Rq1QAEyVK2w,1,https://www.youtube.com/watch?v=Rq1QAEyVK2w,h264,640 x 360,29.970001250546797,0,1,0,0,0100
433,Rq1QAEyVK2w,2,https://www.youtube.com/watch?v=Rq1QAEyVK2w,h264,640 x 360,29.970001250546797,0,1,0,0,0100
434,ro2x8gd2v-M,0,https://www.youtube.com/watch?v=ro2x8gd2v-M,h264,640 x 360,23.976023976024,0,0,1,0,0010
435,ro2x8gd2v-M,1,https://www.youtube.com/watch?v=ro2x8gd2v-M,h264,640 x 360,23.976023976024,1,0,1,0,1010
436,ro2x8gd2v-M,2,https://www.youtube.com/watch?v=ro2x8gd2v-M,h264,640 x 360,23.976023976024,1,0,1,0,1010
437,QwcjToDEsUY,0,https://www.youtube.com/watch?v=QwcjToDEsUY,h264,640 x 360,23.976023976024,0,0,0,0,0000
438,QwcjToDEsUY,1,https://www.youtube.com/watch?v=QwcjToDEsUY,h264,640 x 360,23.976023976024,0,0,0,0,0000
439,QwcjToDEsUY,2,https://www.youtube.com/watch?v=QwcjToDEsUY,h264,640 x 360,23.976023976024,0,0,0,0,0000
440,qr7onP8c8q8,0,https://www.youtube.com/watch?v=qr7onP8c8q8,h264,640 x 360,29.970029970029998,0,0,0,0,0000
441,qr7onP8c8q8,1,https://www.youtube.com/watch?v=qr7onP8c8q8,h264,640 x 360,29.970029970029998,0,1,0,0,0100
442,qr7onP8c8q8,2,https://www.youtube.com/watch?v=qr7onP8c8q8,h264,640 x 360,29.970029970029998,0,1,0,0,0100
443,psEHAKzMIvs,0,https://www.youtube.com/watch?v=psEHAKzMIvs,h264,640 x 360,29.970006844334698,0,0,0,0,0000
444,psEHAKzMIvs,1,https://www.youtube.com/watch?v=psEHAKzMIvs,h264,640 x 360,29.970006844334698,0,0,0,0,0000
445,psEHAKzMIvs,2,https://www.youtube.com/watch?v=psEHAKzMIvs,h264,640 x 360,29.970006844334698,0,0,0,0,0000
446,p3Co2OLO_eg,0,https://www.youtube.com/watch?v=p3Co2OLO_eg,h264,640 x 360,29.970029970029998,0,0,0,0,0000
447,p3Co2OLO_eg,1,https://www.youtube.com/watch?v=p3Co2OLO_eg,h264,640 x 360,29.970029970029998,0,0,0,1,0001
448,p3Co2OLO_eg,2,https://www.youtube.com/watch?v=p3Co2OLO_eg,h264,640 x 360,29.970029970029998,1,0,0,0,1000
455,kltbeJ-tJrY,0,https://www.youtube.com/watch?v=kltbeJ-tJrY,h264,640 x 360,25.0,0,1,0,0,0100
456,kltbeJ-tJrY,1,https://www.youtube.com/watch?v=kltbeJ-tJrY,h264,640 x 360,25.0,0,1,0,0,0100
457,kltbeJ-tJrY,2,https://www.youtube.com/watch?v=kltbeJ-tJrY,h264,640 x 360,25.0,0,1,0,0,0100
460,IUbn5ss8j9c,0,https://www.youtube.com/watch?v=IUbn5ss8j9c,h264,640 x 360,23.9760574821666,0,1,0,0,0100
461,IUbn5ss8j9c,1,https://www.youtube.com/watch?v=IUbn5ss8j9c,h264,640 x 360,23.9760574821666,1,1,0,0,1100
462,IUbn5ss8j9c,2,https://www.youtube.com/watch?v=IUbn5ss8j9c,h264,640 x 360,23.9760574821666,0,1,0,0,0100
463,I-SFA5Xs0s8,0,https://www.youtube.com/watch?v=I-SFA5Xs0s8,h264,640 x 360,29.970029970029998,0,0,0,1,0001
464,I-SFA5Xs0s8,1,https://www.youtube.com/watch?v=I-SFA5Xs0s8,h264,640 x 360,29.970029970029998,0,0,0,1,0001
465,I-SFA5Xs0s8,2,https://www.youtube.com/watch?v=I-SFA5Xs0s8,h264,640 x 360,29.970029970029998,0,0,0,1,0001
472,h3Fxl9GMjZI,0,https://www.youtube.com/watch?v=h3Fxl9GMjZI,h264,640 x 360,30.0,0,0,1,0,0010
473,Goq-yLTafws,0,https://www.youtube.com/watch?v=Goq-yLTafws,h264,640 x 360,23.9758659123592,0,1,0,0,0100
474,Goq-yLTafws,1,https://www.youtube.com/watch?v=Goq-yLTafws,h264,640 x 360,23.9758659123592,0,1,0,0,0100
475,gGTRdpW8oZA,0,https://www.youtube.com/watch?v=gGTRdpW8oZA,h264,640 x 360,29.0,0,0,0,0,0000
476,gGTRdpW8oZA,1,https://www.youtube.com/watch?v=gGTRdpW8oZA,h264,640 x 360,29.0,0,0,1,0,0010
477,gGTRdpW8oZA,2,https://www.youtube.com/watch?v=gGTRdpW8oZA,h264,640 x 360,29.0,0,0,0,0,0000
484,era18XunpLc,0,https://www.youtube.com/watch?v=era18XunpLc,h264,640 x 360,29.970046268400196,0,1,0,0,0100
485,era18XunpLc,1,https://www.youtube.com/watch?v=era18XunpLc,h264,640 x 360,29.970046268400196,0,1,0,0,0100
486,era18XunpLc,2,https://www.youtube.com/watch?v=era18XunpLc,h264,640 x 360,29.970046268400196,0,0,0,0,0000
487,EOAQuBtfNlc,0,https://www.youtube.com/watch?v=EOAQuBtfNlc,h264,640 x 360,23.976023976024,0,0,1,1,0011
488,EOAQuBtfNlc,1,https://www.youtube.com/watch?v=EOAQuBtfNlc,h264,640 x 360,23.976023976024,1,0,1,0,1010
489,EOAQuBtfNlc,2,https://www.youtube.com/watch?v=EOAQuBtfNlc,h264,640 x 360,23.976023976024,1,0,1,0,1010
499,aBbzgUTWE6w,0,https://www.youtube.com/watch?v=aBbzgUTWE6w,h264,480 x 360,25.0,0,0,0,0,0000
500,aBbzgUTWE6w,1,https://www.youtube.com/watch?v=aBbzgUTWE6w,h264,480 x 360,25.0,0,1,0,0,0100
501,aBbzgUTWE6w,2,https://www.youtube.com/watch?v=aBbzgUTWE6w,h264,480 x 360,25.0,0,1,0,0,0100
502,A0641hHG1IQ,0,https://www.youtube.com/watch?v=A0641hHG1IQ,h264,640 x 360,23.976023976024,0,0,0,0,0000
503,A0641hHG1IQ,1,https://www.youtube.com/watch?v=A0641hHG1IQ,h264,640 x 360,23.976023976024,0,0,0,0,0000
504,A0641hHG1IQ,2,https://www.youtube.com/watch?v=A0641hHG1IQ,h264,640 x 360,23.976023976024,0,0,0,0,0000
505,49iNyQvMgy0,0,https://www.youtube.com/watch?v=49iNyQvMgy0,h264,640 x 360,29.970118219719602,0,0,1,0,0010
506,49iNyQvMgy0,1,https://www.youtube.com/watch?v=49iNyQvMgy0,h264,640 x 360,29.970118219719602,0,0,1,0,0010
507,49iNyQvMgy0,2,https://www.youtube.com/watch?v=49iNyQvMgy0,h264,640 x 360,29.970118219719602,1,0,0,0,1000
508,5ixoqCecD6Y,0,https://www.youtube.com/watch?v=5ixoqCecD6Y,h264,640 x 360,24.0,0,0,1,0,0010
509,5ixoqCecD6Y,1,https://www.youtube.com/watch?v=5ixoqCecD6Y,h264,640 x 360,24.0,0,0,1,1,0011
510,5ixoqCecD6Y,2,https://www.youtube.com/watch?v=5ixoqCecD6Y,h264,640 x 360,24.0,0,0,1,0,0010
511,ZsWPgEpfafM,0,https://www.youtube.com/watch?v=ZsWPgEpfafM,h264,640 x 360,23.9759977200134,0,1,0,0,0100
512,ZsWPgEpfafM,1,https://www.youtube.com/watch?v=ZsWPgEpfafM,h264,640 x 360,23.9759977200134,0,0,0,0,0000
513,ZsWPgEpfafM,2,https://www.youtube.com/watch?v=ZsWPgEpfafM,h264,640 x 360,23.9759977200134,0,0,0,0,0000
514,ZqEsUqI4YD8,0,https://www.youtube.com/watch?v=ZqEsUqI4YD8,h264,480 x 360,29.970093717695498,1,0,0,1,1001
515,ZqEsUqI4YD8,1,https://www.youtube.com/watch?v=ZqEsUqI4YD8,h264,480 x 360,29.970093717695498,1,0,0,0,1000
516,ZqEsUqI4YD8,2,https://www.youtube.com/watch?v=ZqEsUqI4YD8,h264,480 x 360,29.970093717695498,1,0,0,0,1000
517,zNjO6arjuAc,0,https://www.youtube.com/watch?v=zNjO6arjuAc,h264,640 x 360,29.970029970029998,0,0,0,0,0000
518,zNjO6arjuAc,1,https://www.youtube.com/watch?v=zNjO6arjuAc,h264,640 x 360,29.970029970029998,0,0,0,0,0000
519,zNjO6arjuAc,2,https://www.youtube.com/watch?v=zNjO6arjuAc,h264,640 x 360,29.970029970029998,0,0,0,0,0000
520,Z9QTS4doveY,0,https://www.youtube.com/watch?v=Z9QTS4doveY,h264,480 x 360,30.0,0,0,0,0,0000
521,Z9QTS4doveY,1,https://www.youtube.com/watch?v=Z9QTS4doveY,h264,480 x 360,30.0,0,0,0,0,0000
531,yoA8KNDyIwU,0,https://www.youtube.com/watch?v=yoA8KNDyIwU,h264,480 x 360,30.0,0,0,0,1,0001
532,yoA8KNDyIwU,1,https://www.youtube.com/watch?v=yoA8KNDyIwU,h264,480 x 360,30.0,0,0,0,1,0001
533,yoA8KNDyIwU,2,https://www.youtube.com/watch?v=yoA8KNDyIwU,h264,480 x 360,30.0,0,0,0,1,0001
534,Ym1NLvmcl0k,0,https://www.youtube.com/watch?v=Ym1NLvmcl0k,h264,640 x 360,29.970029970029998,0,0,0,1,0001
535,Ym1NLvmcl0k,1,https://www.youtube.com/watch?v=Ym1NLvmcl0k,h264,640 x 360,29.970029970029998,0,0,0,1,0001
536,Ym1NLvmcl0k,2,https://www.youtube.com/watch?v=Ym1NLvmcl0k,h264,640 x 360,29.970029970029998,0,0,0,1,0001
537,YLuZjpxmsZQ,0,https://www.youtube.com/watch?v=YLuZjpxmsZQ,h264,480 x 360,25.0,1,0,0,1,1001
538,YLuZjpxmsZQ,1,https://www.youtube.com/watch?v=YLuZjpxmsZQ,h264,480 x 360,25.0,1,0,0,1,1001
539,YLuZjpxmsZQ,2,https://www.youtube.com/watch?v=YLuZjpxmsZQ,h264,480 x 360,25.0,1,0,0,1,1001
540,YlhxwPxssYQ,0,https://www.youtube.com/watch?v=YlhxwPxssYQ,h264,640 x 360,29.970029970029998,0,0,0,0,0000
541,YlhxwPxssYQ,1,https://www.youtube.com/watch?v=YlhxwPxssYQ,h264,640 x 360,29.970029970029998,0,0,0,0,0000
542,YlhxwPxssYQ,2,https://www.youtube.com/watch?v=YlhxwPxssYQ,h264,640 x 360,29.970029970029998,0,0,0,0,0000
543,YHTmnGKdmAo,0,https://www.youtube.com/watch?v=YHTmnGKdmAo,h264,640 x 360,25.0,1,0,0,0,1000
544,YHTmnGKdmAo,1,https://www.youtube.com/watch?v=YHTmnGKdmAo,h264,640 x 360,25.0,1,0,0,0,1000
545,YHTmnGKdmAo,2,https://www.youtube.com/watch?v=YHTmnGKdmAo,h264,640 x 360,25.0,0,0,0,0,0000
546,y8cIJ7w4eJ8,0,https://www.youtube.com/watch?v=y8cIJ7w4eJ8,h264,640 x 360,29.9700036779873,0,0,0,0,0000
547,y8cIJ7w4eJ8,1,https://www.youtube.com/watch?v=y8cIJ7w4eJ8,h264,640 x 360,29.9700036779873,0,0,0,0,0000
548,y8cIJ7w4eJ8,2,https://www.youtube.com/watch?v=y8cIJ7w4eJ8,h264,640 x 360,29.9700036779873,0,0,0,0,0000
549,XZVHmRvfDHM,0,https://www.youtube.com/watch?v=XZVHmRvfDHM,h264,640 x 360,23.976023976024,0,0,0,1,0001
550,XZVHmRvfDHM,1,https://www.youtube.com/watch?v=XZVHmRvfDHM,h264,640 x 360,23.976023976024,0,0,0,0,0000
551,XZVHmRvfDHM,2,https://www.youtube.com/watch?v=XZVHmRvfDHM,h264,640 x 360,23.976023976024,0,0,0,0,0000
552,XyKegi4c7ig,0,https://www.youtube.com/watch?v=XyKegi4c7ig,h264,640 x 360,29.970029970029998,0,0,0,0,0000
553,XyKegi4c7ig,1,https://www.youtube.com/watch?v=XyKegi4c7ig,h264,640 x 360,29.970029970029998,0,0,0,0,0000
554,XyKegi4c7ig,2,https://www.youtube.com/watch?v=XyKegi4c7ig,h264,640 x 360,29.970029970029998,0,0,0,0,0000
555,Xw9bca0Kjpo,0,https://www.youtube.com/watch?v=Xw9bca0Kjpo,h264,640 x 360,29.970029970029998,1,0,0,1,1001
556,Xw9bca0Kjpo,1,https://www.youtube.com/watch?v=Xw9bca0Kjpo,h264,640 x 360,29.970029970029998,1,0,0,0,1000
557,Xw9bca0Kjpo,2,https://www.youtube.com/watch?v=Xw9bca0Kjpo,h264,640 x 360,29.970029970029998,0,0,0,1,0001
564,XKlschbwL1c,0,https://www.youtube.com/watch?v=XKlschbwL1c,h264,640 x 344,29.8470179283604,0,0,0,0,0000
565,XKlschbwL1c,1,https://www.youtube.com/watch?v=XKlschbwL1c,h264,640 x 344,29.8470179283604,0,0,0,1,0001
566,XKlschbwL1c,2,https://www.youtube.com/watch?v=XKlschbwL1c,h264,640 x 344,29.8470179283604,0,0,0,0,0000
567,xjCElooEE3o,0,https://www.youtube.com/watch?v=xjCElooEE3o,h264,640 x 360,29.970029970029998,0,0,0,0,0000
568,xjCElooEE3o,1,https://www.youtube.com/watch?v=xjCElooEE3o,h264,640 x 360,29.970029970029998,0,0,0,0,0000
569,xjCElooEE3o,2,https://www.youtube.com/watch?v=xjCElooEE3o,h264,640 x 360,29.970029970029998,0,0,0,1,0001
573,XfOrJp8bKbE,0,https://www.youtube.com/watch?v=XfOrJp8bKbE,h264,640 x 360,29.970029970029998,0,0,0,0,0000
574,XfOrJp8bKbE,1,https://www.youtube.com/watch?v=XfOrJp8bKbE,h264,640 x 360,29.970029970029998,1,0,0,0,1000
575,XfOrJp8bKbE,2,https://www.youtube.com/watch?v=XfOrJp8bKbE,h264,640 x 360,29.970029970029998,0,0,0,0,0000
576,xbEpWP5aWpA,0,https://www.youtube.com/watch?v=xbEpWP5aWpA,h264,480 x 360,30.0,0,0,0,0,0000
577,xbEpWP5aWpA,1,https://www.youtube.com/watch?v=xbEpWP5aWpA,h264,480 x 360,30.0,0,0,0,0,0000
581,wzZPNpL0FqQ,0,https://www.youtube.com/watch?v=wzZPNpL0FqQ,h264,640 x 360,29.9699998832973,0,0,0,0,0000
582,wzZPNpL0FqQ,1,https://www.youtube.com/watch?v=wzZPNpL0FqQ,h264,640 x 360,29.9699998832973,0,0,0,0,0000
583,wzZPNpL0FqQ,2,https://www.youtube.com/watch?v=wzZPNpL0FqQ,h264,640 x 360,29.9699998832973,0,0,0,0,0000
590,WmIS_icNcLk,0,https://www.youtube.com/watch?v=WmIS_icNcLk,h264,640 x 360,29.9701357559371,0,0,0,0,0000
591,WmIS_icNcLk,1,https://www.youtube.com/watch?v=WmIS_icNcLk,h264,640 x 360,29.9701357559371,0,0,0,0,0000
592,WmIS_icNcLk,2,https://www.youtube.com/watch?v=WmIS_icNcLk,h264,640 x 360,29.9701357559371,0,0,0,0,0000
596,whgVLNC5KSY,0,https://www.youtube.com/watch?v=whgVLNC5KSY,h264,480 x 360,30.0,0,0,0,0,0000
597,whgVLNC5KSY,1,https://www.youtube.com/watch?v=whgVLNC5KSY,h264,480 x 360,30.0,0,0,0,1,0001
598,whgVLNC5KSY,2,https://www.youtube.com/watch?v=whgVLNC5KSY,h264,480 x 360,30.0,0,0,0,1,0001
599,WDujTXiLuaw,0,https://www.youtube.com/watch?v=WDujTXiLuaw,h264,640 x 360,29.9700774270986,0,1,0,0,0100
600,WDujTXiLuaw,1,https://www.youtube.com/watch?v=WDujTXiLuaw,h264,640 x 360,29.9700774270986,0,0,0,0,0000
601,WDujTXiLuaw,2,https://www.youtube.com/watch?v=WDujTXiLuaw,h264,640 x 360,29.9700774270986,0,0,0,0,0000
602,wAQrhM7pOjk,0,https://www.youtube.com/watch?v=wAQrhM7pOjk,h264,640 x 360,30.0,0,0,0,0,0000
603,wAQrhM7pOjk,1,https://www.youtube.com/watch?v=wAQrhM7pOjk,h264,640 x 360,30.0,1,0,0,0,1000
604,wAQrhM7pOjk,2,https://www.youtube.com/watch?v=wAQrhM7pOjk,h264,640 x 360,30.0,0,0,0,0,0000
605,W8ZrM6Lff18,0,https://www.youtube.com/watch?v=W8ZrM6Lff18,h264,640 x 360,29.970029970029998,0,0,0,0,0000
606,W8ZrM6Lff18,1,https://www.youtube.com/watch?v=W8ZrM6Lff18,h264,640 x 360,29.970029970029998,0,0,0,0,0000
607,W8ZrM6Lff18,2,https://www.youtube.com/watch?v=W8ZrM6Lff18,h264,640 x 360,29.970029970029998,0,0,0,0,0000
608,w8icJJZKAgM,0,https://www.youtube.com/watch?v=w8icJJZKAgM,h264,640 x 360,29.970029970029998,0,0,0,1,0001
609,w8icJJZKAgM,1,https://www.youtube.com/watch?v=w8icJJZKAgM,h264,640 x 360,29.970029970029998,0,0,0,1,0001
610,w8icJJZKAgM,2,https://www.youtube.com/watch?v=w8icJJZKAgM,h264,640 x 360,29.970029970029998,0,0,0,1,0001
617,vpD0k9oebI4,0,https://www.youtube.com/watch?v=vpD0k9oebI4,h264,640 x 360,29.970029970029998,0,0,0,1,0001
618,vpD0k9oebI4,1,https://www.youtube.com/watch?v=vpD0k9oebI4,h264,640 x 360,29.970029970029998,1,0,0,0,1000
619,vpD0k9oebI4,2,https://www.youtube.com/watch?v=vpD0k9oebI4,h264,640 x 360,29.970029970029998,0,0,0,1,0001
620,VNM7Z7hir_I,0,https://www.youtube.com/watch?v=VNM7Z7hir_I,h264,640 x 360,30.0,0,0,0,0,0000
621,VNM7Z7hir_I,1,https://www.youtube.com/watch?v=VNM7Z7hir_I,h264,640 x 360,30.0,1,0,0,0,1000
622,VNM7Z7hir_I,2,https://www.youtube.com/watch?v=VNM7Z7hir_I,h264,640 x 360,30.0,1,0,0,0,1000
623,vf2J2rDAzJw,0,https://www.youtube.com/watch?v=vf2J2rDAzJw,h264,640 x 360,29.970029970029998,0,0,0,1,0001
624,vf2J2rDAzJw,1,https://www.youtube.com/watch?v=vf2J2rDAzJw,h264,640 x 360,29.970029970029998,0,0,0,1,0001
625,vf2J2rDAzJw,2,https://www.youtube.com/watch?v=vf2J2rDAzJw,h264,640 x 360,29.970029970029998,0,0,0,1,0001
629,uW-cotxZvlw,0,https://www.youtube.com/watch?v=uW-cotxZvlw,h264,640 x 360,29.970029970029998,0,0,0,1,0001
630,uW-cotxZvlw,1,https://www.youtube.com/watch?v=uW-cotxZvlw,h264,640 x 360,29.970029970029998,0,0,0,0,0000
631,uW-cotxZvlw,2,https://www.youtube.com/watch?v=uW-cotxZvlw,h264,640 x 360,29.970029970029998,0,0,0,1,0001
632,uN84HhcdIws,0,https://www.youtube.com/watch?v=uN84HhcdIws,h264,640 x 360,29.970029970029998,0,0,0,1,0001
633,uN84HhcdIws,1,https://www.youtube.com/watch?v=uN84HhcdIws,h264,640 x 360,29.970029970029998,0,0,0,1,0001
634,uN84HhcdIws,2,https://www.youtube.com/watch?v=uN84HhcdIws,h264,640 x 360,29.970029970029998,1,0,0,1,1001
635,Uk0mJSTatbw,0,https://www.youtube.com/watch?v=Uk0mJSTatbw,h264,640 x 360,29.970029970029998,1,0,0,1,1001
636,Uk0mJSTatbw,1,https://www.youtube.com/watch?v=Uk0mJSTatbw,h264,640 x 360,29.970029970029998,1,0,0,1,1001
637,Uk0mJSTatbw,2,https://www.youtube.com/watch?v=Uk0mJSTatbw,h264,640 x 360,29.970029970029998,0,0,0,1,0001
641,tOKt3waM0Qg,0,https://www.youtube.com/watch?v=tOKt3waM0Qg,h264,640 x 360,23.976023976024,0,0,0,1,0001
642,tOKt3waM0Qg,1,https://www.youtube.com/watch?v=tOKt3waM0Qg,h264,640 x 360,23.976023976024,0,0,0,1,0001
643,tOKt3waM0Qg,2,https://www.youtube.com/watch?v=tOKt3waM0Qg,h264,640 x 360,23.976023976024,1,0,0,0,1000
644,TmNARZonhvY,0,https://www.youtube.com/watch?v=TmNARZonhvY,h264,640 x 360,23.976023976024,0,0,0,0,0000
645,TmNARZonhvY,1,https://www.youtube.com/watch?v=TmNARZonhvY,h264,640 x 360,23.976023976024,0,0,0,0,0000
646,TmNARZonhvY,2,https://www.youtube.com/watch?v=TmNARZonhvY,h264,640 x 360,23.976023976024,0,0,0,0,0000
647,Tek2m1onttE,0,https://www.youtube.com/watch?v=Tek2m1onttE,h264,640 x 360,29.970029970029998,0,0,0,0,0000
648,Tek2m1onttE,1,https://www.youtube.com/watch?v=Tek2m1onttE,h264,640 x 360,29.970029970029998,0,0,0,0,0000
649,Tek2m1onttE,2,https://www.youtube.com/watch?v=Tek2m1onttE,h264,640 x 360,29.970029970029998,0,0,0,1,0001
650,sxTavjEu8Yc,0,https://www.youtube.com/watch?v=sxTavjEu8Yc,h264,640 x 360,29.970029970029998,0,0,0,1,0001
651,sxTavjEu8Yc,1,https://www.youtube.com/watch?v=sxTavjEu8Yc,h264,640 x 360,29.970029970029998,0,0,0,1,0001
652,sxTavjEu8Yc,2,https://www.youtube.com/watch?v=sxTavjEu8Yc,h264,640 x 360,29.970029970029998,0,0,0,1,0001
653,sx8YbUmXm2M,0,https://www.youtube.com/watch?v=sx8YbUmXm2M,h264,480 x 360,30.0,0,0,0,0,0000
654,sx8YbUmXm2M,1,https://www.youtube.com/watch?v=sx8YbUmXm2M,h264,480 x 360,30.0,0,0,0,0,0000
658,sk00epALZps,0,https://www.youtube.com/watch?v=sk00epALZps,h264,640 x 360,29.970029589246604,0,0,0,0,0000
659,sk00epALZps,1,https://www.youtube.com/watch?v=sk00epALZps,h264,640 x 360,29.970029589246604,0,0,0,0,0000
660,sk00epALZps,2,https://www.youtube.com/watch?v=sk00epALZps,h264,640 x 360,29.970029589246604,0,0,0,0,0000
661,sJR5erB8hU4,0,https://www.youtube.com/watch?v=sJR5erB8hU4,h264,640 x 360,29.970029970029998,0,0,0,1,0001
662,sJR5erB8hU4,1,https://www.youtube.com/watch?v=sJR5erB8hU4,h264,640 x 360,29.970029970029998,0,0,0,1,0001
663,sJR5erB8hU4,2,https://www.youtube.com/watch?v=sJR5erB8hU4,h264,640 x 360,29.970029970029998,0,0,0,1,0001
667,sEQcp8WM0oI,0,https://www.youtube.com/watch?v=sEQcp8WM0oI,h264,640 x 360,29.9700327405933,0,0,0,0,0000
668,sEQcp8WM0oI,1,https://www.youtube.com/watch?v=sEQcp8WM0oI,h264,640 x 360,29.9700327405933,0,0,0,0,0000
669,sEQcp8WM0oI,2,https://www.youtube.com/watch?v=sEQcp8WM0oI,h264,640 x 360,29.9700327405933,1,0,0,0,1000
670,sB83uyHhIRY,0,https://www.youtube.com/watch?v=sB83uyHhIRY,h264,640 x 360,29.970029970029998,0,0,0,1,0001
671,sB83uyHhIRY,1,https://www.youtube.com/watch?v=sB83uyHhIRY,h264,640 x 360,29.970029970029998,0,0,0,0,0000
672,sB83uyHhIRY,2,https://www.youtube.com/watch?v=sB83uyHhIRY,h264,640 x 360,29.970029970029998,0,0,0,0,0000
673,S7gy4bEzN1A,0,https://www.youtube.com/watch?v=S7gy4bEzN1A,h264,640 x 360,29.970029970029998,0,0,0,1,0001
674,S7gy4bEzN1A,1,https://www.youtube.com/watch?v=S7gy4bEzN1A,h264,640 x 360,29.970029970029998,0,0,0,0,0000
675,S7gy4bEzN1A,2,https://www.youtube.com/watch?v=S7gy4bEzN1A,h264,640 x 360,29.970029970029998,0,0,0,1,0001
676,s0M6y5sCUVM,0,https://www.youtube.com/watch?v=s0M6y5sCUVM,h264,640 x 360,23.976023976024,0,0,0,1,0001
677,s0M6y5sCUVM,1,https://www.youtube.com/watch?v=s0M6y5sCUVM,h264,640 x 360,23.976023976024,1,0,0,1,1001
678,s0M6y5sCUVM,2,https://www.youtube.com/watch?v=s0M6y5sCUVM,h264,640 x 360,23.976023976024,1,0,0,1,1001
679,R-XDCZhOnIo,0,https://www.youtube.com/watch?v=R-XDCZhOnIo,h264,640 x 360,29.970029970029998,0,0,0,1,0001
680,R-XDCZhOnIo,1,https://www.youtube.com/watch?v=R-XDCZhOnIo,h264,640 x 360,29.970029970029998,1,0,0,1,1001
681,R-XDCZhOnIo,2,https://www.youtube.com/watch?v=R-XDCZhOnIo,h264,640 x 360,29.970029970029998,0,0,0,1,0001
682,RuU-SHQljDQ,0,https://www.youtube.com/watch?v=RuU-SHQljDQ,h264,640 x 360,29.970029970029998,0,0,0,1,0001
683,RuU-SHQljDQ,1,https://www.youtube.com/watch?v=RuU-SHQljDQ,h264,640 x 360,29.970029970029998,0,0,0,1,0001
684,RuU-SHQljDQ,2,https://www.youtube.com/watch?v=RuU-SHQljDQ,h264,640 x 360,29.970029970029998,0,0,0,1,0001
685,Ru5eWlxOK6w,0,https://www.youtube.com/watch?v=Ru5eWlxOK6w,h264,640 x 360,23.976023976024,1,0,0,1,1001
686,Ru5eWlxOK6w,1,https://www.youtube.com/watch?v=Ru5eWlxOK6w,h264,640 x 360,23.976023976024,0,0,0,1,0001
687,Ru5eWlxOK6w,2,https://www.youtube.com/watch?v=Ru5eWlxOK6w,h264,640 x 360,23.976023976024,0,0,0,1,0001
688,rpFqyWChCYw,0,https://www.youtube.com/watch?v=rpFqyWChCYw,h264,640 x 360,29.970029970029998,0,0,0,0,0000
689,rpFqyWChCYw,1,https://www.youtube.com/watch?v=rpFqyWChCYw,h264,640 x 360,29.970029970029998,0,0,0,0,0000
690,rpFqyWChCYw,2,https://www.youtube.com/watch?v=rpFqyWChCYw,h264,640 x 360,29.970029970029998,0,0,0,0,0000
691,rjOx3W5GtXg,0,https://www.youtube.com/watch?v=rjOx3W5GtXg,h264,640 x 360,23.976023976024,1,0,0,1,1001
692,rjOx3W5GtXg,1,https://www.youtube.com/watch?v=rjOx3W5GtXg,h264,640 x 360,23.976023976024,1,0,0,0,1000
693,rjOx3W5GtXg,2,https://www.youtube.com/watch?v=rjOx3W5GtXg,h264,640 x 360,23.976023976024,0,0,0,0,0000
697,reuJjGhgU_k,0,https://www.youtube.com/watch?v=reuJjGhgU_k,h264,640 x 360,23.976023976024,1,0,0,1,1001
698,reuJjGhgU_k,1,https://www.youtube.com/watch?v=reuJjGhgU_k,h264,640 x 360,23.976023976024,1,0,0,0,1000
699,reuJjGhgU_k,2,https://www.youtube.com/watch?v=reuJjGhgU_k,h264,640 x 360,23.976023976024,1,0,0,1,1001
700,rEGUDZZmj4M,0,https://www.youtube.com/watch?v=rEGUDZZmj4M,h264,640 x 360,23.976023976024,0,0,0,0,0000
701,rEGUDZZmj4M,1,https://www.youtube.com/watch?v=rEGUDZZmj4M,h264,640 x 360,23.976023976024,0,0,0,1,0001
702,rEGUDZZmj4M,2,https://www.youtube.com/watch?v=rEGUDZZmj4M,h264,640 x 360,23.976023976024,0,0,0,0,0000
712,Qwq9bDGmHQ8,0,https://www.youtube.com/watch?v=Qwq9bDGmHQ8,h264,640 x 360,29.970029970029998,0,0,0,0,0000
713,Qwq9bDGmHQ8,1,https://www.youtube.com/watch?v=Qwq9bDGmHQ8,h264,640 x 360,29.970029970029998,1,0,0,0,1000
714,Qwq9bDGmHQ8,2,https://www.youtube.com/watch?v=Qwq9bDGmHQ8,h264,640 x 360,29.970029970029998,0,0,0,1,0001
715,qUed6Ug4Cgo,0,https://www.youtube.com/watch?v=qUed6Ug4Cgo,h264,640 x 360,29.97,0,0,0,1,0001
716,qUed6Ug4Cgo,1,https://www.youtube.com/watch?v=qUed6Ug4Cgo,h264,640 x 360,29.97,0,0,0,1,0001
717,qUed6Ug4Cgo,2,https://www.youtube.com/watch?v=qUed6Ug4Cgo,h264,640 x 360,29.97,0,0,0,1,0001
721,qTet5MA_pC0,0,https://www.youtube.com/watch?v=qTet5MA_pC0,h264,640 x 360,29.970029970029998,0,0,0,0,0000
722,qTet5MA_pC0,1,https://www.youtube.com/watch?v=qTet5MA_pC0,h264,640 x 360,29.970029970029998,0,0,0,0,0000
723,qTet5MA_pC0,2,https://www.youtube.com/watch?v=qTet5MA_pC0,h264,640 x 360,29.970029970029998,0,0,0,0,0000
724,QqivtpiYFDU,0,https://www.youtube.com/watch?v=QqivtpiYFDU,h264,640 x 360,29.970029970029998,0,0,0,0,0000
725,QqivtpiYFDU,1,https://www.youtube.com/watch?v=QqivtpiYFDU,h264,640 x 360,29.970029970029998,0,0,0,0,0000
726,QqivtpiYFDU,2,https://www.youtube.com/watch?v=QqivtpiYFDU,h264,640 x 360,29.970029970029998,0,0,0,0,0000
727,qpMLHyuQHoQ,0,https://www.youtube.com/watch?v=qpMLHyuQHoQ,h264,640 x 360,29.970029970029998,0,0,0,0,0000
728,qpMLHyuQHoQ,1,https://www.youtube.com/watch?v=qpMLHyuQHoQ,h264,640 x 360,29.970029970029998,0,0,0,0,0000
729,qpMLHyuQHoQ,2,https://www.youtube.com/watch?v=qpMLHyuQHoQ,h264,640 x 360,29.970029970029998,0,0,0,1,0001
730,QlaeirHJpns,0,https://www.youtube.com/watch?v=QlaeirHJpns,h264,640 x 360,29.970029970029998,0,0,0,1,0001
731,QlaeirHJpns,1,https://www.youtube.com/watch?v=QlaeirHJpns,h264,640 x 360,29.970029970029998,0,1,0,1,0101
732,QlaeirHJpns,2,https://www.youtube.com/watch?v=QlaeirHJpns,h264,640 x 360,29.970029970029998,0,1,0,1,0101
733,qJVhGXSZO9Y,0,https://www.youtube.com/watch?v=qJVhGXSZO9Y,h264,640 x 360,29.970029970029998,0,0,0,1,0001
734,qJVhGXSZO9Y,1,https://www.youtube.com/watch?v=qJVhGXSZO9Y,h264,640 x 360,29.970029970029998,0,0,0,1,0001
735,qJVhGXSZO9Y,2,https://www.youtube.com/watch?v=qJVhGXSZO9Y,h264,640 x 360,29.970029970029998,1,0,0,1,1001
736,QHzXEgy0bdo,0,https://www.youtube.com/watch?v=QHzXEgy0bdo,h264,480 x 360,30.0,0,1,0,1,0101
737,QHzXEgy0bdo,1,https://www.youtube.com/watch?v=QHzXEgy0bdo,h264,480 x 360,30.0,0,1,0,0,0100
738,QHzXEgy0bdo,2,https://www.youtube.com/watch?v=QHzXEgy0bdo,h264,480 x 360,30.0,0,1,0,0,0100
739,QhMO5SSmiaA,0,https://www.youtube.com/watch?v=QhMO5SSmiaA,h264,640 x 360,29.970029970029998,0,0,0,1,0001
740,QhMO5SSmiaA,1,https://www.youtube.com/watch?v=QhMO5SSmiaA,h264,640 x 360,29.970029970029998,0,0,0,1,0001
741,QhMO5SSmiaA,2,https://www.youtube.com/watch?v=QhMO5SSmiaA,h264,640 x 360,29.970029970029998,0,0,0,1,0001
742,QDxJsff1zlU,0,https://www.youtube.com/watch?v=QDxJsff1zlU,h264,640 x 360,25.0,0,0,0,0,0000
743,QDxJsff1zlU,1,https://www.youtube.com/watch?v=QDxJsff1zlU,h264,640 x 360,25.0,0,0,0,0,0000
744,QDxJsff1zlU,2,https://www.youtube.com/watch?v=QDxJsff1zlU,h264,640 x 360,25.0,0,0,0,0,0000
745,Q-bbzURSeIA,0,https://www.youtube.com/watch?v=Q-bbzURSeIA,h264,640 x 360,29.970029970029998,1,1,0,1,1101
746,Q-bbzURSeIA,1,https://www.youtube.com/watch?v=Q-bbzURSeIA,h264,640 x 360,29.970029970029998,0,1,0,1,0101
747,Q-bbzURSeIA,2,https://www.youtube.com/watch?v=Q-bbzURSeIA,h264,640 x 360,29.970029970029998,0,1,0,1,0101
748,QaSGPqbLE9Y,0,https://www.youtube.com/watch?v=QaSGPqbLE9Y,h264,640 x 360,29.970141298593504,0,0,0,0,0000
749,QaSGPqbLE9Y,1,https://www.youtube.com/watch?v=QaSGPqbLE9Y,h264,640 x 360,29.970141298593504,0,0,0,0,0000
750,QaSGPqbLE9Y,2,https://www.youtube.com/watch?v=QaSGPqbLE9Y,h264,640 x 360,29.970141298593504,0,0,0,0,0000
754,pWV6WQE5EJc,0,https://www.youtube.com/watch?v=pWV6WQE5EJc,h264,640 x 360,29.970029970029998,0,0,0,1,0001
755,pWV6WQE5EJc,1,https://www.youtube.com/watch?v=pWV6WQE5EJc,h264,640 x 360,29.970029970029998,0,0,0,0,0000
756,pWV6WQE5EJc,2,https://www.youtube.com/watch?v=pWV6WQE5EJc,h264,640 x 360,29.970029970029998,0,0,0,1,0001
757,PSVN4YZGaeU,0,https://www.youtube.com/watch?v=PSVN4YZGaeU,h264,640 x 360,29.970029970029998,0,0,0,0,0000
758,PSVN4YZGaeU,1,https://www.youtube.com/watch?v=PSVN4YZGaeU,h264,640 x 360,29.970029970029998,0,1,0,0,0100
759,PSVN4YZGaeU,2,https://www.youtube.com/watch?v=PSVN4YZGaeU,h264,640 x 360,29.970029970029998,0,1,0,0,0100
763,pes5F6EJlP0,0,https://www.youtube.com/watch?v=pes5F6EJlP0,h264,640 x 360,25.0,0,0,0,0,0000
764,pes5F6EJlP0,1,https://www.youtube.com/watch?v=pes5F6EJlP0,h264,640 x 360,25.0,0,0,0,0,0000
765,pes5F6EJlP0,2,https://www.youtube.com/watch?v=pes5F6EJlP0,h264,640 x 360,25.0,0,0,0,1,0001
766,pCjY3ZQY8WY,0,https://www.youtube.com/watch?v=pCjY3ZQY8WY,h264,640 x 360,29.970029970029998,0,0,0,0,0000
767,pCjY3ZQY8WY,1,https://www.youtube.com/watch?v=pCjY3ZQY8WY,h264,640 x 360,29.970029970029998,0,0,0,1,0001
768,pCjY3ZQY8WY,2,https://www.youtube.com/watch?v=pCjY3ZQY8WY,h264,640 x 360,29.970029970029998,0,1,0,1,0101
772,pBIOkvC6oXI,0,https://www.youtube.com/watch?v=pBIOkvC6oXI,h264,640 x 360,29.970029970029998,0,0,0,1,0001
773,pBIOkvC6oXI,1,https://www.youtube.com/watch?v=pBIOkvC6oXI,h264,640 x 360,29.970029970029998,0,0,0,1,0001
774,pBIOkvC6oXI,2,https://www.youtube.com/watch?v=pBIOkvC6oXI,h264,640 x 360,29.970029970029998,0,0,0,0,0000
775,P8m-KThvtxA,0,https://www.youtube.com/watch?v=P8m-KThvtxA,h264,640 x 360,29.970029970029998,0,0,0,0,0000
776,P8m-KThvtxA,1,https://www.youtube.com/watch?v=P8m-KThvtxA,h264,640 x 360,29.970029970029998,0,0,0,1,0001
777,P8m-KThvtxA,2,https://www.youtube.com/watch?v=P8m-KThvtxA,h264,640 x 360,29.970029970029998,0,0,0,1,0001
778,P8m3V8aPzoI,0,https://www.youtube.com/watch?v=P8m3V8aPzoI,h264,640 x 360,29.970029970029998,0,0,0,1,0001
779,P8m3V8aPzoI,1,https://www.youtube.com/watch?v=P8m3V8aPzoI,h264,640 x 360,29.970029970029998,0,0,0,1,0001
780,P8m3V8aPzoI,2,https://www.youtube.com/watch?v=P8m3V8aPzoI,h264,640 x 360,29.970029970029998,0,0,0,1,0001
781,ozVRGho-cZQ,0,https://www.youtube.com/watch?v=ozVRGho-cZQ,h264,640 x 360,29.970029970029998,0,1,0,0,0100
782,ozVRGho-cZQ,1,https://www.youtube.com/watch?v=ozVRGho-cZQ,h264,640 x 360,29.970029970029998,0,1,1,0,0110
783,ozVRGho-cZQ,2,https://www.youtube.com/watch?v=ozVRGho-cZQ,h264,640 x 360,29.970029970029998,0,1,1,0,0110
784,OPdbdjctx2I,0,https://www.youtube.com/watch?v=OPdbdjctx2I,h264,640 x 360,29.970029970029998,0,0,0,1,0001
785,OPdbdjctx2I,1,https://www.youtube.com/watch?v=OPdbdjctx2I,h264,640 x 360,29.970029970029998,0,0,0,1,0001
786,OPdbdjctx2I,2,https://www.youtube.com/watch?v=OPdbdjctx2I,h264,640 x 360,29.970029970029998,0,1,0,0,0100
787,o-NuXSWtL2s,0,https://www.youtube.com/watch?v=o-NuXSWtL2s,h264,640 x 360,23.976023976024,0,1,0,1,0101
788,o-NuXSWtL2s,1,https://www.youtube.com/watch?v=o-NuXSWtL2s,h264,640 x 360,23.976023976024,0,1,0,1,0101
789,o-NuXSWtL2s,2,https://www.youtube.com/watch?v=o-NuXSWtL2s,h264,640 x 360,23.976023976024,0,1,0,1,0101
790,omMtBWigSC0,0,https://www.youtube.com/watch?v=omMtBWigSC0,h264,640 x 360,29.970000954828603,0,0,0,0,0000
791,omMtBWigSC0,1,https://www.youtube.com/watch?v=omMtBWigSC0,h264,640 x 360,29.970000954828603,0,1,0,0,0100
792,omMtBWigSC0,2,https://www.youtube.com/watch?v=omMtBWigSC0,h264,640 x 360,29.970000954828603,0,0,0,0,0000
793,OI3rOt20QT0,0,https://www.youtube.com/watch?v=OI3rOt20QT0,h264,640 x 360,29.970029970029998,0,0,0,1,0001
794,OI3rOt20QT0,1,https://www.youtube.com/watch?v=OI3rOt20QT0,h264,640 x 360,29.970029970029998,0,0,0,1,0001
795,OI3rOt20QT0,2,https://www.youtube.com/watch?v=OI3rOt20QT0,h264,640 x 360,29.970029970029998,0,0,0,1,0001
796,oGs7JtCfm5U,0,https://www.youtube.com/watch?v=oGs7JtCfm5U,h264,640 x 360,25.0,0,1,0,0,0100
797,oGs7JtCfm5U,1,https://www.youtube.com/watch?v=oGs7JtCfm5U,h264,640 x 360,25.0,0,1,0,1,0101
798,oGs7JtCfm5U,2,https://www.youtube.com/watch?v=oGs7JtCfm5U,h264,640 x 360,25.0,0,1,0,1,0101
802,o4amX_TkXsk,0,https://www.youtube.com/watch?v=o4amX_TkXsk,h264,480 x 360,30.0,0,1,0,0,0100
803,o4amX_TkXsk,1,https://www.youtube.com/watch?v=o4amX_TkXsk,h264,480 x 360,30.0,0,1,0,1,0101
804,o4amX_TkXsk,2,https://www.youtube.com/watch?v=o4amX_TkXsk,h264,480 x 360,30.0,0,1,0,1,0101
805,NzDhm808oU4,0,https://www.youtube.com/watch?v=NzDhm808oU4,h264,640 x 360,29.970029970029998,0,0,0,1,0001
806,NzDhm808oU4,1,https://www.youtube.com/watch?v=NzDhm808oU4,h264,640 x 360,29.970029970029998,0,0,0,1,0001
807,NzDhm808oU4,2,https://www.youtube.com/watch?v=NzDhm808oU4,h264,640 x 360,29.970029970029998,1,0,0,0,1000
808,Nqf15ViHSmQ,0,https://www.youtube.com/watch?v=Nqf15ViHSmQ,h264,640 x 360,29.970029970029998,0,0,0,0,0000
809,Nqf15ViHSmQ,1,https://www.youtube.com/watch?v=Nqf15ViHSmQ,h264,640 x 360,29.970029970029998,0,0,0,0,0000
810,Nqf15ViHSmQ,2,https://www.youtube.com/watch?v=Nqf15ViHSmQ,h264,640 x 360,29.970029970029998,0,0,0,0,0000
811,NHTZYPbVQAg,0,https://www.youtube.com/watch?v=NHTZYPbVQAg,h264,480 x 360,25.0,0,0,0,0,0000
812,NHTZYPbVQAg,1,https://www.youtube.com/watch?v=NHTZYPbVQAg,h264,480 x 360,25.0,0,0,0,1,0001
813,NHTZYPbVQAg,2,https://www.youtube.com/watch?v=NHTZYPbVQAg,h264,480 x 360,25.0,0,0,0,1,0001
814,ngFPBz_8SDc,0,https://www.youtube.com/watch?v=ngFPBz_8SDc,h264,640 x 360,29.970029970029998,0,0,0,0,0000
815,ngFPBz_8SDc,1,https://www.youtube.com/watch?v=ngFPBz_8SDc,h264,640 x 360,29.970029970029998,0,0,0,0,0000
816,ngFPBz_8SDc,2,https://www.youtube.com/watch?v=ngFPBz_8SDc,h264,640 x 360,29.970029970029998,0,0,0,1,0001
817,NeUm3vHYOtw,0,https://www.youtube.com/watch?v=NeUm3vHYOtw,h264,640 x 360,29.9701187674649,0,0,0,0,0000
818,NeUm3vHYOtw,1,https://www.youtube.com/watch?v=NeUm3vHYOtw,h264,640 x 360,29.9701187674649,0,0,0,0,0000
819,NeUm3vHYOtw,2,https://www.youtube.com/watch?v=NeUm3vHYOtw,h264,640 x 360,29.9701187674649,0,0,0,0,0000
820,NEoOJ0uRskY,0,https://www.youtube.com/watch?v=NEoOJ0uRskY,h264,640 x 360,29.970029970029998,0,0,0,1,0001
821,NEoOJ0uRskY,1,https://www.youtube.com/watch?v=NEoOJ0uRskY,h264,640 x 360,29.970029970029998,0,0,0,1,0001
822,NEoOJ0uRskY,2,https://www.youtube.com/watch?v=NEoOJ0uRskY,h264,640 x 360,29.970029970029998,0,0,0,1,0001
826,Nd1Qkdt4L2c,0,https://www.youtube.com/watch?v=Nd1Qkdt4L2c,h264,640 x 360,29.970029970029998,0,0,0,1,0001
827,Nd1Qkdt4L2c,1,https://www.youtube.com/watch?v=Nd1Qkdt4L2c,h264,640 x 360,29.970029970029998,0,0,0,1,0001
828,Nd1Qkdt4L2c,2,https://www.youtube.com/watch?v=Nd1Qkdt4L2c,h264,640 x 360,29.970029970029998,0,0,0,1,0001
829,NCLZi2Rn_ug,0,https://www.youtube.com/watch?v=NCLZi2Rn_ug,h264,640 x 360,23.976023976024,0,0,0,1,0001
830,NCLZi2Rn_ug,1,https://www.youtube.com/watch?v=NCLZi2Rn_ug,h264,640 x 360,23.976023976024,0,0,0,1,0001
831,NCLZi2Rn_ug,2,https://www.youtube.com/watch?v=NCLZi2Rn_ug,h264,640 x 360,23.976023976024,0,0,0,1,0001
832,NBO3vF8p0J0,0,https://www.youtube.com/watch?v=NBO3vF8p0J0,h264,640 x 360,23.976023976024,0,0,0,1,0001
833,NBO3vF8p0J0,1,https://www.youtube.com/watch?v=NBO3vF8p0J0,h264,640 x 360,23.976023976024,0,1,0,1,0101
834,NBO3vF8p0J0,2,https://www.youtube.com/watch?v=NBO3vF8p0J0,h264,640 x 360,23.976023976024,1,0,0,1,1001
835,NaY91YjVbEM,0,https://www.youtube.com/watch?v=NaY91YjVbEM,h264,640 x 360,29.970029970029998,0,0,0,0,0000
836,NaY91YjVbEM,1,https://www.youtube.com/watch?v=NaY91YjVbEM,h264,640 x 360,29.970029970029998,0,0,0,0,0000
837,NaY91YjVbEM,2,https://www.youtube.com/watch?v=NaY91YjVbEM,h264,640 x 360,29.970029970029998,0,0,0,0,0000
838,nAULsoAQn2g,0,https://www.youtube.com/watch?v=nAULsoAQn2g,h264,640 x 360,23.976023976024,0,0,0,1,0001
839,nAULsoAQn2g,1,https://www.youtube.com/watch?v=nAULsoAQn2g,h264,640 x 360,23.976023976024,0,0,0,1,0001
840,nAULsoAQn2g,2,https://www.youtube.com/watch?v=nAULsoAQn2g,h264,640 x 360,23.976023976024,0,0,0,1,0001
841,Nao6FwfXGhA,0,https://www.youtube.com/watch?v=Nao6FwfXGhA,h264,640 x 360,23.976023976024,0,0,0,1,0001
842,Nao6FwfXGhA,1,https://www.youtube.com/watch?v=Nao6FwfXGhA,h264,640 x 360,23.976023976024,0,0,0,1,0001
843,Nao6FwfXGhA,2,https://www.youtube.com/watch?v=Nao6FwfXGhA,h264,640 x 360,23.976023976024,0,0,0,1,0001
844,MlPd6zWjd_0,0,https://www.youtube.com/watch?v=MlPd6zWjd_0,h264,640 x 360,29.970029970029998,0,0,0,0,0000
845,MlPd6zWjd_0,1,https://www.youtube.com/watch?v=MlPd6zWjd_0,h264,640 x 360,29.970029970029998,0,0,0,0,0000
846,MlPd6zWjd_0,2,https://www.youtube.com/watch?v=MlPd6zWjd_0,h264,640 x 360,29.970029970029998,0,0,0,1,0001
847,mctn16hLzhg,0,https://www.youtube.com/watch?v=mctn16hLzhg,h264,640 x 360,29.970029970029998,0,0,0,0,0000
848,mctn16hLzhg,1,https://www.youtube.com/watch?v=mctn16hLzhg,h264,640 x 360,29.970029970029998,0,0,0,1,0001
849,mctn16hLzhg,2,https://www.youtube.com/watch?v=mctn16hLzhg,h264,640 x 360,29.970029970029998,0,0,0,0,0000
850,m0dtn1BNQOA,0,https://www.youtube.com/watch?v=m0dtn1BNQOA,h264,640 x 360,29.969954488814697,0,0,0,1,0001
851,m0dtn1BNQOA,1,https://www.youtube.com/watch?v=m0dtn1BNQOA,h264,640 x 360,29.969954488814697,0,0,0,1,0001
852,m0dtn1BNQOA,2,https://www.youtube.com/watch?v=m0dtn1BNQOA,h264,640 x 360,29.969954488814697,0,0,0,1,0001
853,lzdPjidRrOc,0,https://www.youtube.com/watch?v=lzdPjidRrOc,h264,640 x 360,29.970029970029998,0,0,0,1,0001
854,lzdPjidRrOc,1,https://www.youtube.com/watch?v=lzdPjidRrOc,h264,640 x 360,29.970029970029998,0,0,0,0,0000
855,lzdPjidRrOc,2,https://www.youtube.com/watch?v=lzdPjidRrOc,h264,640 x 360,29.970029970029998,0,0,0,0,0000
856,l-tyYcfP8p0,0,https://www.youtube.com/watch?v=l-tyYcfP8p0,h264,640 x 360,29.970029970029998,0,0,0,1,0001
857,l-tyYcfP8p0,1,https://www.youtube.com/watch?v=l-tyYcfP8p0,h264,640 x 360,29.970029970029998,0,0,0,1,0001
858,l-tyYcfP8p0,2,https://www.youtube.com/watch?v=l-tyYcfP8p0,h264,640 x 360,29.970029970029998,0,0,0,1,0001
859,LsGL5MXRVmc,0,https://www.youtube.com/watch?v=LsGL5MXRVmc,h264,640 x 360,29.9700430300531,0,0,0,1,0001
860,LsGL5MXRVmc,1,https://www.youtube.com/watch?v=LsGL5MXRVmc,h264,640 x 360,29.9700430300531,0,0,0,1,0001
861,LsGL5MXRVmc,2,https://www.youtube.com/watch?v=LsGL5MXRVmc,h264,640 x 360,29.9700430300531,0,0,0,1,0001
862,Lrj0c3Ta-Tg,0,https://www.youtube.com/watch?v=Lrj0c3Ta-Tg,h264,640 x 360,29.970029970029998,0,0,0,1,0001
863,Lrj0c3Ta-Tg,1,https://www.youtube.com/watch?v=Lrj0c3Ta-Tg,h264,640 x 360,29.970029970029998,0,0,0,1,0001
864,Lrj0c3Ta-Tg,2,https://www.youtube.com/watch?v=Lrj0c3Ta-Tg,h264,640 x 360,29.970029970029998,0,0,0,1,0001
868,kZZj831VbEM,0,https://www.youtube.com/watch?v=kZZj831VbEM,h264,640 x 360,23.976023976024,0,1,0,0,0100
869,kZZj831VbEM,1,https://www.youtube.com/watch?v=kZZj831VbEM,h264,640 x 360,23.976023976024,0,0,0,1,0001
870,kZZj831VbEM,2,https://www.youtube.com/watch?v=kZZj831VbEM,h264,640 x 360,23.976023976024,0,0,0,1,0001
871,kwauNQdyl8M,0,https://www.youtube.com/watch?v=kwauNQdyl8M,h264,640 x 360,23.9760091615404,1,0,0,1,1001
872,kwauNQdyl8M,1,https://www.youtube.com/watch?v=kwauNQdyl8M,h264,640 x 360,23.9760091615404,0,1,0,1,0101
873,kwauNQdyl8M,2,https://www.youtube.com/watch?v=kwauNQdyl8M,h264,640 x 360,23.9760091615404,1,1,0,1,1101
874,krcHpMdOVAk,0,https://www.youtube.com/watch?v=krcHpMdOVAk,h264,640 x 360,29.970029970029998,0,0,0,1,0001
875,krcHpMdOVAk,1,https://www.youtube.com/watch?v=krcHpMdOVAk,h264,640 x 360,29.970029970029998,0,0,0,1,0001
876,krcHpMdOVAk,2,https://www.youtube.com/watch?v=krcHpMdOVAk,h264,640 x 360,29.970029970029998,0,0,0,1,0001
877,kLUFit8815c,0,https://www.youtube.com/watch?v=kLUFit8815c,h264,640 x 360,23.976023976024,0,0,0,1,0001
878,kLUFit8815c,1,https://www.youtube.com/watch?v=kLUFit8815c,h264,640 x 360,23.976023976024,0,0,0,1,0001
879,kLUFit8815c,2,https://www.youtube.com/watch?v=kLUFit8815c,h264,640 x 360,23.976023976024,0,0,0,1,0001
880,KlDvzBBxrao,0,https://www.youtube.com/watch?v=KlDvzBBxrao,h264,640 x 360,25.0,0,0,0,1,0001
881,KlDvzBBxrao,1,https://www.youtube.com/watch?v=KlDvzBBxrao,h264,640 x 360,25.0,0,0,0,0,0000
882,KlDvzBBxrao,2,https://www.youtube.com/watch?v=KlDvzBBxrao,h264,640 x 360,25.0,1,0,0,1,1001
883,KHMRej5YjwA,0,https://www.youtube.com/watch?v=KHMRej5YjwA,h264,640 x 360,29.970029970029998,0,0,0,1,0001
884,KHMRej5YjwA,1,https://www.youtube.com/watch?v=KHMRej5YjwA,h264,640 x 360,29.970029970029998,0,0,0,0,0000
885,KHMRej5YjwA,2,https://www.youtube.com/watch?v=KHMRej5YjwA,h264,640 x 360,29.970029970029998,0,0,0,1,0001
889,KDqs8_aFLhk,0,https://www.youtube.com/watch?v=KDqs8_aFLhk,h264,640 x 360,29.970029970029998,0,0,0,1,0001
890,KDqs8_aFLhk,1,https://www.youtube.com/watch?v=KDqs8_aFLhk,h264,640 x 360,29.970029970029998,0,1,0,1,0101
891,KDqs8_aFLhk,2,https://www.youtube.com/watch?v=KDqs8_aFLhk,h264,640 x 360,29.970029970029998,0,1,0,0,0100
892,Kcrf5foF0CY,0,https://www.youtube.com/watch?v=Kcrf5foF0CY,h264,640 x 360,29.970029970029998,0,0,0,1,0001
893,Kcrf5foF0CY,1,https://www.youtube.com/watch?v=Kcrf5foF0CY,h264,640 x 360,29.970029970029998,0,0,0,1,0001
894,Kcrf5foF0CY,2,https://www.youtube.com/watch?v=Kcrf5foF0CY,h264,640 x 360,29.970029970029998,0,0,0,1,0001
898,JrmxD9UxY0E,0,https://www.youtube.com/watch?v=JrmxD9UxY0E,h264,640 x 360,29.970029970029998,0,0,0,1,0001
899,JrmxD9UxY0E,1,https://www.youtube.com/watch?v=JrmxD9UxY0E,h264,640 x 360,29.970029970029998,0,0,0,0,0000
900,JrmxD9UxY0E,2,https://www.youtube.com/watch?v=JrmxD9UxY0E,h264,640 x 360,29.970029970029998,0,0,0,0,0000
901,JpUxQyLCBbk,0,https://www.youtube.com/watch?v=JpUxQyLCBbk,h264,640 x 360,29.970029970029998,0,0,0,1,0001
902,JpUxQyLCBbk,1,https://www.youtube.com/watch?v=JpUxQyLCBbk,h264,640 x 360,29.970029970029998,0,0,0,1,0001
903,JpUxQyLCBbk,2,https://www.youtube.com/watch?v=JpUxQyLCBbk,h264,640 x 360,29.970029970029998,0,0,0,1,0001
907,JMLuOvRpyts,0,https://www.youtube.com/watch?v=JMLuOvRpyts,h264,640 x 360,30.0,0,0,0,0,0000
908,JMLuOvRpyts,1,https://www.youtube.com/watch?v=JMLuOvRpyts,h264,640 x 360,30.0,1,0,0,0,1000
909,JMLuOvRpyts,2,https://www.youtube.com/watch?v=JMLuOvRpyts,h264,640 x 360,30.0,0,0,0,1,0001
910,JG94l547jPE,0,https://www.youtube.com/watch?v=JG94l547jPE,h264,640 x 356,24.0,0,0,0,0,0000
911,JG94l547jPE,1,https://www.youtube.com/watch?v=JG94l547jPE,h264,640 x 356,24.0,0,0,0,0,0000
912,JG94l547jPE,2,https://www.youtube.com/watch?v=JG94l547jPE,h264,640 x 356,24.0,0,0,0,0,0000
913,Icojw8fP03E,0,https://www.youtube.com/watch?v=Icojw8fP03E,h264,480 x 360,30.0,0,1,0,0,0100
914,Icojw8fP03E,1,https://www.youtube.com/watch?v=Icojw8fP03E,h264,480 x 360,30.0,0,1,0,0,0100
915,Icojw8fP03E,2,https://www.youtube.com/watch?v=Icojw8fP03E,h264,480 x 360,30.0,0,1,0,0,0100
919,HVUlFV3Bs70,0,https://www.youtube.com/watch?v=HVUlFV3Bs70,h264,640 x 360,29.9700453427291,0,1,0,0,0100
920,HVUlFV3Bs70,1,https://www.youtube.com/watch?v=HVUlFV3Bs70,h264,640 x 360,29.9700453427291,0,1,0,0,0100
921,HVUlFV3Bs70,2,https://www.youtube.com/watch?v=HVUlFV3Bs70,h264,640 x 360,29.9700453427291,0,1,0,0,0100
922,hVU7HKjhlxo,0,https://www.youtube.com/watch?v=hVU7HKjhlxo,h264,512 x 272,29.970029970029998,0,0,0,0,0000
923,hVU7HKjhlxo,1,https://www.youtube.com/watch?v=hVU7HKjhlxo,h264,512 x 272,29.970029970029998,1,0,0,1,1001
924,hVU7HKjhlxo,2,https://www.youtube.com/watch?v=hVU7HKjhlxo,h264,512 x 272,29.970029970029998,1,1,0,1,1101
925,HUmX6CiMoFk,0,https://www.youtube.com/watch?v=HUmX6CiMoFk,h264,640 x 360,29.970029970029998,0,0,0,1,0001
926,HUmX6CiMoFk,1,https://www.youtube.com/watch?v=HUmX6CiMoFk,h264,640 x 360,29.970029970029998,0,0,0,1,0001
927,HUmX6CiMoFk,2,https://www.youtube.com/watch?v=HUmX6CiMoFk,h264,640 x 360,29.970029970029998,0,0,0,1,0001
928,Ht0IbFNbfSY,0,https://www.youtube.com/watch?v=Ht0IbFNbfSY,h264,640 x 360,23.976023976024,0,0,0,1,0001
929,Ht0IbFNbfSY,1,https://www.youtube.com/watch?v=Ht0IbFNbfSY,h264,640 x 360,23.976023976024,0,0,0,1,0001
930,Ht0IbFNbfSY,2,https://www.youtube.com/watch?v=Ht0IbFNbfSY,h264,640 x 360,23.976023976024,0,0,0,0,0000
931,hN1ui3LyFgc,0,https://www.youtube.com/watch?v=hN1ui3LyFgc,h264,640 x 360,29.970029970029998,0,0,0,1,0001
932,hN1ui3LyFgc,1,https://www.youtube.com/watch?v=hN1ui3LyFgc,h264,640 x 360,29.970029970029998,0,0,0,1,0001
933,hN1ui3LyFgc,2,https://www.youtube.com/watch?v=hN1ui3LyFgc,h264,640 x 360,29.970029970029998,1,0,0,1,1001
934,HJmFmYYZAac,0,https://www.youtube.com/watch?v=HJmFmYYZAac,h264,480 x 360,29.970041656903895,0,0,0,1,0001
935,HJmFmYYZAac,1,https://www.youtube.com/watch?v=HJmFmYYZAac,h264,480 x 360,29.970041656903895,1,0,0,1,1001
936,HJmFmYYZAac,2,https://www.youtube.com/watch?v=HJmFmYYZAac,h264,480 x 360,29.970041656903895,1,1,0,1,1101
937,HEGC2MjaWAM,0,https://www.youtube.com/watch?v=HEGC2MjaWAM,h264,640 x 360,29.970029970029998,0,0,0,1,0001
938,HEGC2MjaWAM,1,https://www.youtube.com/watch?v=HEGC2MjaWAM,h264,640 x 360,29.970029970029998,0,0,0,1,0001
939,HEGC2MjaWAM,2,https://www.youtube.com/watch?v=HEGC2MjaWAM,h264,640 x 360,29.970029970029998,0,0,0,1,0001
940,HE8UAfl83UY,0,https://www.youtube.com/watch?v=HE8UAfl83UY,h264,640 x 360,23.976044329987698,0,1,0,1,0101
941,HE8UAfl83UY,1,https://www.youtube.com/watch?v=HE8UAfl83UY,h264,640 x 360,23.976044329987698,0,0,0,1,0001
942,HE8UAfl83UY,2,https://www.youtube.com/watch?v=HE8UAfl83UY,h264,640 x 360,23.976044329987698,1,1,0,1,1101
943,hdDBKxJSAHQ,0,https://www.youtube.com/watch?v=hdDBKxJSAHQ,h264,640 x 360,29.969999891609397,0,0,0,0,0000
944,hdDBKxJSAHQ,1,https://www.youtube.com/watch?v=hdDBKxJSAHQ,h264,640 x 360,29.969999891609397,0,1,0,0,0100
945,hdDBKxJSAHQ,2,https://www.youtube.com/watch?v=hdDBKxJSAHQ,h264,640 x 360,29.969999891609397,0,0,0,1,0001
946,H0mutl4l5hw,0,https://www.youtube.com/watch?v=H0mutl4l5hw,h264,640 x 360,23.976023976024,0,0,0,1,0001
947,H0mutl4l5hw,1,https://www.youtube.com/watch?v=H0mutl4l5hw,h264,640 x 360,23.976023976024,0,0,0,1,0001
948,H0mutl4l5hw,2,https://www.youtube.com/watch?v=H0mutl4l5hw,h264,640 x 360,23.976023976024,0,0,0,1,0001
949,GzusWio36p8,0,https://www.youtube.com/watch?v=GzusWio36p8,h264,640 x 360,29.9701350554079,0,0,0,1,0001
950,GzusWio36p8,1,https://www.youtube.com/watch?v=GzusWio36p8,h264,640 x 360,29.9701350554079,0,0,0,1,0001
951,GzusWio36p8,2,https://www.youtube.com/watch?v=GzusWio36p8,h264,640 x 360,29.9701350554079,0,0,0,1,0001
955,gqYvBlO2BFo,0,https://www.youtube.com/watch?v=gqYvBlO2BFo,h264,640 x 360,29.9700015773685,0,0,0,0,0000
956,gqYvBlO2BFo,1,https://www.youtube.com/watch?v=gqYvBlO2BFo,h264,640 x 360,29.9700015773685,0,0,0,0,0000
957,gqYvBlO2BFo,2,https://www.youtube.com/watch?v=gqYvBlO2BFo,h264,640 x 360,29.9700015773685,0,0,0,0,0000
958,gLXT76m_880,0,https://www.youtube.com/watch?v=gLXT76m_880,h264,640 x 360,23.976023976024,0,0,0,0,0000
959,gLXT76m_880,1,https://www.youtube.com/watch?v=gLXT76m_880,h264,640 x 360,23.976023976024,0,0,0,1,0001
960,gLXT76m_880,2,https://www.youtube.com/watch?v=gLXT76m_880,h264,640 x 360,23.976023976024,0,0,0,1,0001
961,GL7Mo_B3O74,0,https://www.youtube.com/watch?v=GL7Mo_B3O74,h264,640 x 360,29.970029970029998,1,1,0,0,1100
962,GL7Mo_B3O74,1,https://www.youtube.com/watch?v=GL7Mo_B3O74,h264,640 x 360,29.970029970029998,0,0,0,1,0001
963,GL7Mo_B3O74,2,https://www.youtube.com/watch?v=GL7Mo_B3O74,h264,640 x 360,29.970029970029998,0,0,0,1,0001
964,gI1YHfhC9Jo,0,https://www.youtube.com/watch?v=gI1YHfhC9Jo,h264,640 x 360,29.970029970029998,0,0,0,0,0000
965,gI1YHfhC9Jo,1,https://www.youtube.com/watch?v=gI1YHfhC9Jo,h264,640 x 360,29.970029970029998,0,0,0,0,0000
966,gI1YHfhC9Jo,2,https://www.youtube.com/watch?v=gI1YHfhC9Jo,h264,640 x 360,29.970029970029998,0,0,0,0,0000
967,GgHRGgViWfY,0,https://www.youtube.com/watch?v=GgHRGgViWfY,h264,640 x 360,29.970029970029998,0,0,0,1,0001
968,GgHRGgViWfY,1,https://www.youtube.com/watch?v=GgHRGgViWfY,h264,640 x 360,29.970029970029998,0,1,0,1,0101
969,GgHRGgViWfY,2,https://www.youtube.com/watch?v=GgHRGgViWfY,h264,640 x 360,29.970029970029998,0,0,0,1,0001
973,G5XKkXVmt3k,0,https://www.youtube.com/watch?v=G5XKkXVmt3k,h264,640 x 360,29.970029970029998,0,0,0,1,0001
974,G5XKkXVmt3k,1,https://www.youtube.com/watch?v=G5XKkXVmt3k,h264,640 x 360,29.970029970029998,1,0,0,1,1001
975,G5XKkXVmt3k,2,https://www.youtube.com/watch?v=G5XKkXVmt3k,h264,640 x 360,29.970029970029998,1,0,0,1,1001
976,g04ipP_RqBE,0,https://www.youtube.com/watch?v=g04ipP_RqBE,h264,640 x 360,29.969999825658302,0,0,0,1,0001
977,g04ipP_RqBE,1,https://www.youtube.com/watch?v=g04ipP_RqBE,h264,640 x 360,29.969999825658302,0,0,0,0,0000
978,g04ipP_RqBE,2,https://www.youtube.com/watch?v=g04ipP_RqBE,h264,640 x 360,29.969999825658302,0,0,0,0,0000
982,F-Z3qNeZyTU,0,https://www.youtube.com/watch?v=F-Z3qNeZyTU,h264,640 x 360,23.976023976024,1,0,0,1,1001
983,F-Z3qNeZyTU,1,https://www.youtube.com/watch?v=F-Z3qNeZyTU,h264,640 x 360,23.976023976024,0,0,0,1,0001
984,F-Z3qNeZyTU,2,https://www.youtube.com/watch?v=F-Z3qNeZyTU,h264,640 x 360,23.976023976024,0,0,0,1,0001
985,fukx0OR1ao4,0,https://www.youtube.com/watch?v=fukx0OR1ao4,h264,640 x 360,29.970029970029998,0,0,0,0,0000
986,fukx0OR1ao4,1,https://www.youtube.com/watch?v=fukx0OR1ao4,h264,640 x 360,29.970029970029998,0,0,0,0,0000
987,fukx0OR1ao4,2,https://www.youtube.com/watch?v=fukx0OR1ao4,h264,640 x 360,29.970029970029998,0,0,0,0,0000
988,fnpaS5VC4zw,0,https://www.youtube.com/watch?v=fnpaS5VC4zw,h264,640 x 360,29.970029970029998,0,0,0,1,0001
989,fnpaS5VC4zw,1,https://www.youtube.com/watch?v=fnpaS5VC4zw,h264,640 x 360,29.970029970029998,0,0,0,1,0001
990,fnpaS5VC4zw,2,https://www.youtube.com/watch?v=fnpaS5VC4zw,h264,640 x 360,29.970029970029998,0,0,0,1,0001
994,fGg-VNMHT4A,0,https://www.youtube.com/watch?v=fGg-VNMHT4A,h264,640 x 360,23.976023976024,0,1,0,1,0101
995,fGg-VNMHT4A,1,https://www.youtube.com/watch?v=fGg-VNMHT4A,h264,640 x 360,23.976023976024,0,1,0,1,0101
996,fGg-VNMHT4A,2,https://www.youtube.com/watch?v=fGg-VNMHT4A,h264,640 x 360,23.976023976024,0,1,0,1,0101
997,fDkXHWMNNmc,0,https://www.youtube.com/watch?v=fDkXHWMNNmc,h264,640 x 360,29.970028259393,0,0,0,1,0001
998,fDkXHWMNNmc,1,https://www.youtube.com/watch?v=fDkXHWMNNmc,h264,640 x 360,29.970028259393,0,0,0,1,0001
999,fDkXHWMNNmc,2,https://www.youtube.com/watch?v=fDkXHWMNNmc,h264,640 x 360,29.970028259393,0,0,0,1,0001
1000,F5ErMolRE8M,0,https://www.youtube.com/watch?v=F5ErMolRE8M,h264,480 x 360,25.0,0,0,0,1,0001
1001,F5ErMolRE8M,1,https://www.youtube.com/watch?v=F5ErMolRE8M,h264,480 x 360,25.0,0,1,0,1,0101
1002,F5ErMolRE8M,2,https://www.youtube.com/watch?v=F5ErMolRE8M,h264,480 x 360,25.0,0,1,0,1,0101
1003,f0a8M8xoCdU,0,https://www.youtube.com/watch?v=f0a8M8xoCdU,h264,640 x 360,23.9760195859823,1,0,0,1,1001
1004,f0a8M8xoCdU,1,https://www.youtube.com/watch?v=f0a8M8xoCdU,h264,640 x 360,23.9760195859823,1,0,0,1,1001
1005,f0a8M8xoCdU,2,https://www.youtube.com/watch?v=f0a8M8xoCdU,h264,640 x 360,23.9760195859823,1,0,0,1,1001
1006,eZjgg2lTYpE,0,https://www.youtube.com/watch?v=eZjgg2lTYpE,h264,480 x 360,30.0,0,1,0,1,0101
1007,eZjgg2lTYpE,1,https://www.youtube.com/watch?v=eZjgg2lTYpE,h264,480 x 360,30.0,0,1,0,1,0101
1008,eZjgg2lTYpE,2,https://www.youtube.com/watch?v=eZjgg2lTYpE,h264,480 x 360,30.0,0,1,0,1,0101
1009,EyrnqjV61ZY,0,https://www.youtube.com/watch?v=EyrnqjV61ZY,h264,640 x 360,29.970029970029998,0,0,0,0,0000
1010,EyrnqjV61ZY,1,https://www.youtube.com/watch?v=EyrnqjV61ZY,h264,640 x 360,29.970029970029998,0,0,0,0,0000
1011,EyrnqjV61ZY,2,https://www.youtube.com/watch?v=EyrnqjV61ZY,h264,640 x 360,29.970029970029998,0,0,0,0,0000
1012,exhHtH3HOvI,0,https://www.youtube.com/watch?v=exhHtH3HOvI,h264,640 x 360,29.970000455250698,0,0,0,0,0000
1013,exhHtH3HOvI,1,https://www.youtube.com/watch?v=exhHtH3HOvI,h264,640 x 360,29.970000455250698,0,0,0,0,0000
1014,exhHtH3HOvI,2,https://www.youtube.com/watch?v=exhHtH3HOvI,h264,640 x 360,29.970000455250698,0,1,0,0,0100
1015,ehJdupwHXTk,0,https://www.youtube.com/watch?v=ehJdupwHXTk,h264,640 x 360,29.970029970029998,0,0,0,1,0001
1016,ehJdupwHXTk,1,https://www.youtube.com/watch?v=ehJdupwHXTk,h264,640 x 360,29.970029970029998,0,0,0,1,0001
1017,ehJdupwHXTk,2,https://www.youtube.com/watch?v=ehJdupwHXTk,h264,640 x 360,29.970029970029998,0,0,0,1,0001
1021,eCFoHIp0Hbg,0,https://www.youtube.com/watch?v=eCFoHIp0Hbg,h264,480 x 360,30.0,0,1,0,0,0100
1022,eCFoHIp0Hbg,1,https://www.youtube.com/watch?v=eCFoHIp0Hbg,h264,480 x 360,30.0,0,1,0,1,0101
1023,eCFoHIp0Hbg,2,https://www.youtube.com/watch?v=eCFoHIp0Hbg,h264,480 x 360,30.0,0,0,0,0,0000
1024,EA_mqwxoH7I,0,https://www.youtube.com/watch?v=EA_mqwxoH7I,h264,640 x 360,29.970029970029998,0,0,0,0,0000
1025,EA_mqwxoH7I,1,https://www.youtube.com/watch?v=EA_mqwxoH7I,h264,640 x 360,29.970029970029998,0,1,0,1,0101
1026,EA_mqwxoH7I,2,https://www.youtube.com/watch?v=EA_mqwxoH7I,h264,640 x 360,29.970029970029998,0,0,0,1,0001
1027,dzhmA92F77s,0,https://www.youtube.com/watch?v=dzhmA92F77s,h264,640 x 360,23.976023976024,0,1,0,1,0101
1028,dzhmA92F77s,1,https://www.youtube.com/watch?v=dzhmA92F77s,h264,640 x 360,23.976023976024,1,0,0,1,1001
1029,dzhmA92F77s,2,https://www.youtube.com/watch?v=dzhmA92F77s,h264,640 x 360,23.976023976024,0,0,0,1,0001
1030,Dtd1lKYQb8M,0,https://www.youtube.com/watch?v=Dtd1lKYQb8M,h264,480 x 360,30.0,0,1,0,1,0101
1031,Dtd1lKYQb8M,1,https://www.youtube.com/watch?v=Dtd1lKYQb8M,h264,480 x 360,30.0,0,1,0,1,0101
1035,dnzA9bYc7I8,0,https://www.youtube.com/watch?v=dnzA9bYc7I8,h264,640 x 360,29.970029970029998,0,0,0,0,0000
1036,dnzA9bYc7I8,1,https://www.youtube.com/watch?v=dnzA9bYc7I8,h264,640 x 360,29.970029970029998,0,0,0,0,0000
1037,dnzA9bYc7I8,2,https://www.youtube.com/watch?v=dnzA9bYc7I8,h264,640 x 360,29.970029970029998,0,0,0,0,0000
1038,dGidYBqBHVw,0,https://www.youtube.com/watch?v=dGidYBqBHVw,h264,640 x 360,29.970029970029998,0,0,0,0,0000
1039,dGidYBqBHVw,1,https://www.youtube.com/watch?v=dGidYBqBHVw,h264,640 x 360,29.970029970029998,0,0,0,0,0000
1040,dGidYBqBHVw,2,https://www.youtube.com/watch?v=dGidYBqBHVw,h264,640 x 360,29.970029970029998,0,0,0,0,0000
1047,CVa3ud_bL4A,0,https://www.youtube.com/watch?v=CVa3ud_bL4A,h264,640 x 360,29.970020106487002,0,0,0,1,0001
1048,CVa3ud_bL4A,1,https://www.youtube.com/watch?v=CVa3ud_bL4A,h264,640 x 360,29.970020106487002,0,0,0,0,0000
1049,CVa3ud_bL4A,2,https://www.youtube.com/watch?v=CVa3ud_bL4A,h264,640 x 360,29.970020106487002,0,0,0,0,0000
1050,cRU9BT9M9Iw,0,https://www.youtube.com/watch?v=cRU9BT9M9Iw,h264,640 x 360,29.970029970029998,0,0,0,0,0000
1051,cRU9BT9M9Iw,1,https://www.youtube.com/watch?v=cRU9BT9M9Iw,h264,640 x 360,29.970029970029998,0,0,0,0,0000
1052,cRU9BT9M9Iw,2,https://www.youtube.com/watch?v=cRU9BT9M9Iw,h264,640 x 360,29.970029970029998,0,0,0,1,0001
1053,copfNPbpLR8,0,https://www.youtube.com/watch?v=copfNPbpLR8,h264,640 x 360,29.970029970029998,0,0,0,1,0001
1054,copfNPbpLR8,1,https://www.youtube.com/watch?v=copfNPbpLR8,h264,640 x 360,29.970029970029998,0,0,0,1,0001
1055,copfNPbpLR8,2,https://www.youtube.com/watch?v=copfNPbpLR8,h264,640 x 360,29.970029970029998,0,0,0,1,0001
1056,cLnFSqpyQDg,0,https://www.youtube.com/watch?v=cLnFSqpyQDg,h264,640 x 360,29.970029970029998,1,0,0,1,1001
1057,cLnFSqpyQDg,1,https://www.youtube.com/watch?v=cLnFSqpyQDg,h264,640 x 360,29.970029970029998,1,1,0,1,1101
1058,cLnFSqpyQDg,2,https://www.youtube.com/watch?v=cLnFSqpyQDg,h264,640 x 360,29.970029970029998,0,1,0,1,0101
1059,c_KeluilBcs,0,https://www.youtube.com/watch?v=c_KeluilBcs,h264,640 x 360,29.970029970029998,0,0,0,1,0001
1060,c_KeluilBcs,1,https://www.youtube.com/watch?v=c_KeluilBcs,h264,640 x 360,29.970029970029998,0,0,0,1,0001
1061,c_KeluilBcs,2,https://www.youtube.com/watch?v=c_KeluilBcs,h264,640 x 360,29.970029970029998,0,0,0,1,0001
1062,CeKMHBOU6Jk,0,https://www.youtube.com/watch?v=CeKMHBOU6Jk,h264,640 x 360,29.9699998492455,0,0,0,1,0001
1063,CeKMHBOU6Jk,1,https://www.youtube.com/watch?v=CeKMHBOU6Jk,h264,640 x 360,29.9699998492455,0,0,0,1,0001
1064,CeKMHBOU6Jk,2,https://www.youtube.com/watch?v=CeKMHBOU6Jk,h264,640 x 360,29.9699998492455,0,0,0,1,0001
1065,CD4MptwCvWM,0,https://www.youtube.com/watch?v=CD4MptwCvWM,h264,640 x 360,29.969999681654,0,0,0,0,0000
1066,CD4MptwCvWM,1,https://www.youtube.com/watch?v=CD4MptwCvWM,h264,640 x 360,29.969999681654,0,0,0,1,0001
1067,CD4MptwCvWM,2,https://www.youtube.com/watch?v=CD4MptwCvWM,h264,640 x 360,29.969999681654,0,1,0,1,0101
1068,BYG1qf3XJNM,0,https://www.youtube.com/watch?v=BYG1qf3XJNM,h264,640 x 360,29.9700330036277,0,0,0,1,0001
1069,BYG1qf3XJNM,1,https://www.youtube.com/watch?v=BYG1qf3XJNM,h264,640 x 360,29.9700330036277,0,0,0,1,0001
1070,BYG1qf3XJNM,2,https://www.youtube.com/watch?v=BYG1qf3XJNM,h264,640 x 360,29.9700330036277,0,0,0,1,0001
1071,BvJ1BuEtZEo,0,https://www.youtube.com/watch?v=BvJ1BuEtZEo,h264,640 x 360,29.970029970029998,0,0,0,1,0001
1072,BvJ1BuEtZEo,1,https://www.youtube.com/watch?v=BvJ1BuEtZEo,h264,640 x 360,29.970029970029998,0,0,0,1,0001
1073,BvJ1BuEtZEo,2,https://www.youtube.com/watch?v=BvJ1BuEtZEo,h264,640 x 360,29.970029970029998,0,0,0,0,0000
1074,bTE_EEuVRe0,0,https://www.youtube.com/watch?v=bTE_EEuVRe0,h264,640 x 360,29.970029970029998,0,0,0,0,0000
1075,bTE_EEuVRe0,1,https://www.youtube.com/watch?v=bTE_EEuVRe0,h264,640 x 360,29.970029970029998,0,0,0,0,0000
1076,bTE_EEuVRe0,2,https://www.youtube.com/watch?v=bTE_EEuVRe0,h264,640 x 360,29.970029970029998,0,0,0,0,0000
1077,bOcDaRzT-Vc,0,https://www.youtube.com/watch?v=bOcDaRzT-Vc,h264,640 x 360,29.970029970029998,0,0,0,0,0000
1078,bOcDaRzT-Vc,1,https://www.youtube.com/watch?v=bOcDaRzT-Vc,h264,640 x 360,29.970029970029998,0,0,0,0,0000
1079,bOcDaRzT-Vc,2,https://www.youtube.com/watch?v=bOcDaRzT-Vc,h264,640 x 360,29.970029970029998,0,0,0,0,0000
1080,bLYVGIqd2WE,0,https://www.youtube.com/watch?v=bLYVGIqd2WE,h264,640 x 360,29.970029970029998,0,0,0,1,0001
1081,bLYVGIqd2WE,1,https://www.youtube.com/watch?v=bLYVGIqd2WE,h264,640 x 360,29.970029970029998,0,0,0,0,0000
1082,bLYVGIqd2WE,2,https://www.youtube.com/watch?v=bLYVGIqd2WE,h264,640 x 360,29.970029970029998,0,0,0,1,0001
1083,B3eoMIEop_E,0,https://www.youtube.com/watch?v=B3eoMIEop_E,h264,640 x 360,23.976023976024,0,0,0,1,0001
1084,B3eoMIEop_E,1,https://www.youtube.com/watch?v=B3eoMIEop_E,h264,640 x 360,23.976023976024,0,0,0,0,0000
1085,B3eoMIEop_E,2,https://www.youtube.com/watch?v=B3eoMIEop_E,h264,640 x 360,23.976023976024,0,0,0,0,0000
1086,avktSv68q6M,0,https://www.youtube.com/watch?v=avktSv68q6M,h264,640 x 360,29.970029970029998,0,0,0,1,0001
1087,avktSv68q6M,1,https://www.youtube.com/watch?v=avktSv68q6M,h264,640 x 360,29.970029970029998,0,0,0,1,0001
1088,avktSv68q6M,2,https://www.youtube.com/watch?v=avktSv68q6M,h264,640 x 360,29.970029970029998,0,0,0,1,0001
1089,as-kuWcHIT0,0,https://www.youtube.com/watch?v=as-kuWcHIT0,h264,480 x 360,29.9700443943616,0,1,0,1,0101
1090,as-kuWcHIT0,1,https://www.youtube.com/watch?v=as-kuWcHIT0,h264,480 x 360,29.9700443943616,0,1,0,1,0101
1091,as-kuWcHIT0,2,https://www.youtube.com/watch?v=as-kuWcHIT0,h264,480 x 360,29.9700443943616,1,1,0,1,1101
1092,ArXvM11n3Ug,0,https://www.youtube.com/watch?v=ArXvM11n3Ug,h264,640 x 360,29.970029970029998,0,0,0,1,0001
1093,ArXvM11n3Ug,1,https://www.youtube.com/watch?v=ArXvM11n3Ug,h264,640 x 360,29.970029970029998,0,0,0,1,0001
1094,ArXvM11n3Ug,2,https://www.youtube.com/watch?v=ArXvM11n3Ug,h264,640 x 360,29.970029970029998,0,0,0,1,0001
1095,aqAbmYh7eAM,0,https://www.youtube.com/watch?v=aqAbmYh7eAM,h264,640 x 360,29.97,0,0,0,1,0001
1096,aqAbmYh7eAM,1,https://www.youtube.com/watch?v=aqAbmYh7eAM,h264,640 x 360,29.97,0,1,0,0,0100
1097,aqAbmYh7eAM,2,https://www.youtube.com/watch?v=aqAbmYh7eAM,h264,640 x 360,29.97,0,0,0,1,0001
1098,anMWTH1LRZg,0,https://www.youtube.com/watch?v=anMWTH1LRZg,h264,640 x 360,29.9700089202533,0,0,0,1,0001
1099,anMWTH1LRZg,1,https://www.youtube.com/watch?v=anMWTH1LRZg,h264,640 x 360,29.9700089202533,1,0,0,1,1001
1100,anMWTH1LRZg,2,https://www.youtube.com/watch?v=anMWTH1LRZg,h264,640 x 360,29.9700089202533,0,0,0,1,0001
1107,ACG9pwtKtjQ,0,https://www.youtube.com/watch?v=ACG9pwtKtjQ,h264,640 x 360,29.970029970029998,0,0,0,1,0001
1108,ACG9pwtKtjQ,1,https://www.youtube.com/watch?v=ACG9pwtKtjQ,h264,640 x 360,29.970029970029998,0,0,0,1,0001
1109,ACG9pwtKtjQ,2,https://www.youtube.com/watch?v=ACG9pwtKtjQ,h264,640 x 360,29.970029970029998,0,0,0,1,0001
1116,97xL-DNDHEI,0,https://www.youtube.com/watch?v=97xL-DNDHEI,h264,640 x 360,29.970029970029998,0,0,0,1,0001
1117,97xL-DNDHEI,1,https://www.youtube.com/watch?v=97xL-DNDHEI,h264,640 x 360,29.970029970029998,0,0,0,0,0000
1118,97xL-DNDHEI,2,https://www.youtube.com/watch?v=97xL-DNDHEI,h264,640 x 360,29.970029970029998,0,0,0,0,0000
1119,70e6aGUbgwU,0,https://www.youtube.com/watch?v=70e6aGUbgwU,h264,640 x 360,23.976023976024,0,1,0,0,0100
1120,70e6aGUbgwU,1,https://www.youtube.com/watch?v=70e6aGUbgwU,h264,640 x 360,23.976023976024,0,1,0,0,0100
1121,70e6aGUbgwU,2,https://www.youtube.com/watch?v=70e6aGUbgwU,h264,640 x 360,23.976023976024,0,1,0,0,0100
1125,9-r9MIsPhg8,0,https://www.youtube.com/watch?v=9-r9MIsPhg8,h264,640 x 360,23.976023976024,1,0,0,1,1001
1126,9-r9MIsPhg8,1,https://www.youtube.com/watch?v=9-r9MIsPhg8,h264,640 x 360,23.976023976024,1,0,0,1,1001
1127,9-r9MIsPhg8,2,https://www.youtube.com/watch?v=9-r9MIsPhg8,h264,640 x 360,23.976023976024,1,0,0,1,1001
1128,9P1IVQJdVvE,0,https://www.youtube.com/watch?v=9P1IVQJdVvE,h264,640 x 360,29.970029970029998,0,0,0,1,0001
1129,9P1IVQJdVvE,1,https://www.youtube.com/watch?v=9P1IVQJdVvE,h264,640 x 360,29.970029970029998,0,0,0,1,0001
1130,9P1IVQJdVvE,2,https://www.youtube.com/watch?v=9P1IVQJdVvE,h264,640 x 360,29.970029970029998,0,0,0,1,0001
1131,9ffKBhMacLo,0,https://www.youtube.com/watch?v=9ffKBhMacLo,h264,640 x 360,29.969999628529,0,0,0,0,0000
1132,9ffKBhMacLo,1,https://www.youtube.com/watch?v=9ffKBhMacLo,h264,640 x 360,29.969999628529,0,0,0,0,0000
1133,9ffKBhMacLo,2,https://www.youtube.com/watch?v=9ffKBhMacLo,h264,640 x 360,29.969999628529,0,0,0,0,0000
1134,9Buv3Xp9dqI,0,https://www.youtube.com/watch?v=9Buv3Xp9dqI,h264,640 x 360,29.970029970029998,0,0,0,0,0000
1135,9Buv3Xp9dqI,1,https://www.youtube.com/watch?v=9Buv3Xp9dqI,h264,640 x 360,29.970029970029998,0,0,0,1,0001
1136,9Buv3Xp9dqI,2,https://www.youtube.com/watch?v=9Buv3Xp9dqI,h264,640 x 360,29.970029970029998,0,0,0,1,0001
1137,9aHpZKXC4q8,0,https://www.youtube.com/watch?v=9aHpZKXC4q8,h264,640 x 360,29.970029970029998,0,0,0,0,0000
1138,9aHpZKXC4q8,1,https://www.youtube.com/watch?v=9aHpZKXC4q8,h264,640 x 360,29.970029970029998,0,0,0,0,0000
1139,9aHpZKXC4q8,2,https://www.youtube.com/watch?v=9aHpZKXC4q8,h264,640 x 360,29.970029970029998,0,1,0,0,0100
1140,8AGNsvNFUGw,0,https://www.youtube.com/watch?v=8AGNsvNFUGw,h264,640 x 360,23.976023976024,0,0,0,1,0001
1141,8AGNsvNFUGw,1,https://www.youtube.com/watch?v=8AGNsvNFUGw,h264,640 x 360,23.976023976024,0,0,0,1,0001
1142,8AGNsvNFUGw,2,https://www.youtube.com/watch?v=8AGNsvNFUGw,h264,640 x 360,23.976023976024,0,0,0,1,0001
1143,7w4TMdCLNMM,0,https://www.youtube.com/watch?v=7w4TMdCLNMM,h264,640 x 360,29.970029970029998,0,0,0,0,0000
1144,7w4TMdCLNMM,1,https://www.youtube.com/watch?v=7w4TMdCLNMM,h264,640 x 360,29.970029970029998,0,0,0,0,0000
1145,7w4TMdCLNMM,2,https://www.youtube.com/watch?v=7w4TMdCLNMM,h264,640 x 360,29.970029970029998,0,0,0,0,0000
1146,7TMrciKhhkk,0,https://www.youtube.com/watch?v=7TMrciKhhkk,h264,640 x 360,23.976023976024,0,0,0,1,0001
1147,7TMrciKhhkk,1,https://www.youtube.com/watch?v=7TMrciKhhkk,h264,640 x 360,23.976023976024,0,0,0,1,0001
1148,7TMrciKhhkk,2,https://www.youtube.com/watch?v=7TMrciKhhkk,h264,640 x 360,23.976023976024,0,0,0,1,0001
1152,7aIvhXOq6oM,0,https://www.youtube.com/watch?v=7aIvhXOq6oM,h264,640 x 360,23.976023976024,0,0,0,1,0001
1153,7aIvhXOq6oM,1,https://www.youtube.com/watch?v=7aIvhXOq6oM,h264,640 x 360,23.976023976024,0,1,0,0,0100
1154,7aIvhXOq6oM,2,https://www.youtube.com/watch?v=7aIvhXOq6oM,h264,640 x 360,23.976023976024,0,1,0,0,0100
1155,6yKh2hNYBYo,0,https://www.youtube.com/watch?v=6yKh2hNYBYo,h264,640 x 360,29.970001243128,0,0,0,0,0000
1156,6yKh2hNYBYo,1,https://www.youtube.com/watch?v=6yKh2hNYBYo,h264,640 x 360,29.970001243128,0,0,0,0,0000
1157,6yKh2hNYBYo,2,https://www.youtube.com/watch?v=6yKh2hNYBYo,h264,640 x 360,29.970001243128,0,0,0,0,0000
1158,6n7HtMKjFGA,0,https://www.youtube.com/watch?v=6n7HtMKjFGA,h264,640 x 360,29.970029970029998,0,0,0,1,0001
1159,6n7HtMKjFGA,1,https://www.youtube.com/watch?v=6n7HtMKjFGA,h264,640 x 360,29.970029970029998,0,0,0,1,0001
1160,6n7HtMKjFGA,2,https://www.youtube.com/watch?v=6n7HtMKjFGA,h264,640 x 360,29.970029970029998,0,0,0,1,0001
1161,6-JGr-ZyPv8,0,https://www.youtube.com/watch?v=6-JGr-ZyPv8,h264,480 x 360,30.0,0,1,0,0,0100
1162,6-JGr-ZyPv8,1,https://www.youtube.com/watch?v=6-JGr-ZyPv8,h264,480 x 360,30.0,0,1,0,0,0100
1163,6-JGr-ZyPv8,2,https://www.youtube.com/watch?v=6-JGr-ZyPv8,h264,480 x 360,30.0,0,1,0,0,0100
1164,6iYlAL8W1Gk,0,https://www.youtube.com/watch?v=6iYlAL8W1Gk,h264,640 x 360,29.970029970029998,0,0,0,1,0001
1165,6iYlAL8W1Gk,1,https://www.youtube.com/watch?v=6iYlAL8W1Gk,h264,640 x 360,29.970029970029998,0,0,0,1,0001
1166,6iYlAL8W1Gk,2,https://www.youtube.com/watch?v=6iYlAL8W1Gk,h264,640 x 360,29.970029970029998,0,0,0,1,0001
1167,5LBSZnZ2BbY,0,https://www.youtube.com/watch?v=5LBSZnZ2BbY,h264,640 x 360,29.970029970029998,0,0,0,1,0001
1168,5LBSZnZ2BbY,1,https://www.youtube.com/watch?v=5LBSZnZ2BbY,h264,640 x 360,29.970029970029998,0,0,0,1,0001
1169,5LBSZnZ2BbY,2,https://www.youtube.com/watch?v=5LBSZnZ2BbY,h264,640 x 360,29.970029970029998,0,0,0,1,0001
1173,05C_USQpmnI,0,https://www.youtube.com/watch?v=05C_USQpmnI,h264,640 x 360,29.970029970029998,0,0,0,0,0000
1174,05C_USQpmnI,1,https://www.youtube.com/watch?v=05C_USQpmnI,h264,640 x 360,29.970029970029998,0,0,0,1,0001
1175,05C_USQpmnI,2,https://www.youtube.com/watch?v=05C_USQpmnI,h264,640 x 360,29.970029970029998,0,0,0,1,0001
1176,4uO08Lr5g3k,0,https://www.youtube.com/watch?v=4uO08Lr5g3k,h264,640 x 360,25.0,0,0,0,0,0000
1177,4uO08Lr5g3k,1,https://www.youtube.com/watch?v=4uO08Lr5g3k,h264,640 x 360,25.0,0,0,0,0,0000
1178,4uO08Lr5g3k,2,https://www.youtube.com/watch?v=4uO08Lr5g3k,h264,640 x 360,25.0,0,0,0,0,0000
1179,4nPuZ9chE7s,0,https://www.youtube.com/watch?v=4nPuZ9chE7s,h264,640 x 360,29.9700212736807,0,0,0,0,0000
1180,4nPuZ9chE7s,1,https://www.youtube.com/watch?v=4nPuZ9chE7s,h264,640 x 360,29.9700212736807,0,0,0,0,0000
1181,4nPuZ9chE7s,2,https://www.youtube.com/watch?v=4nPuZ9chE7s,h264,640 x 360,29.9700212736807,0,0,0,0,0000
1182,4I9CwlPk8GE,0,https://www.youtube.com/watch?v=4I9CwlPk8GE,h264,540 x 360,29.970029970029998,1,0,0,1,1001
1183,4I9CwlPk8GE,1,https://www.youtube.com/watch?v=4I9CwlPk8GE,h264,540 x 360,29.970029970029998,1,0,0,1,1001
1184,4I9CwlPk8GE,2,https://www.youtube.com/watch?v=4I9CwlPk8GE,h264,540 x 360,29.970029970029998,0,0,0,0,0000
1191,3d7NjfTziNM,0,https://www.youtube.com/watch?v=3d7NjfTziNM,h264,640 x 360,25.0,0,0,0,1,0001
1192,3d7NjfTziNM,1,https://www.youtube.com/watch?v=3d7NjfTziNM,h264,640 x 360,25.0,0,0,0,1,0001
1193,3d7NjfTziNM,2,https://www.youtube.com/watch?v=3d7NjfTziNM,h264,640 x 360,25.0,0,0,0,1,0001
1197,2wUTFaHkWlk,0,https://www.youtube.com/watch?v=2wUTFaHkWlk,h264,640 x 360,29.970019136894198,0,0,0,0,0000
1198,2wUTFaHkWlk,1,https://www.youtube.com/watch?v=2wUTFaHkWlk,h264,640 x 360,29.970019136894198,0,0,0,0,0000
1199,2wUTFaHkWlk,2,https://www.youtube.com/watch?v=2wUTFaHkWlk,h264,640 x 360,29.970019136894198,0,0,0,0,0000
1200,2fch6wJNuxE,0,https://www.youtube.com/watch?v=2fch6wJNuxE,h264,640 x 360,23.976023976024,0,0,0,0,0000
1201,2fch6wJNuxE,1,https://www.youtube.com/watch?v=2fch6wJNuxE,h264,640 x 360,23.976023976024,0,0,0,1,0001
1202,2fch6wJNuxE,2,https://www.youtube.com/watch?v=2fch6wJNuxE,h264,640 x 360,23.976023976024,0,0,0,1,0001
1206,1xIaQiPO0DY,0,https://www.youtube.com/watch?v=1xIaQiPO0DY,h264,480 x 360,29.970031496209998,0,0,0,0,0000
1207,1xIaQiPO0DY,1,https://www.youtube.com/watch?v=1xIaQiPO0DY,h264,480 x 360,29.970031496209998,0,0,0,0,0000
1208,1xIaQiPO0DY,2,https://www.youtube.com/watch?v=1xIaQiPO0DY,h264,480 x 360,29.970031496209998,0,0,0,0,0000
1215,1lJ6P7DNiqU,0,https://www.youtube.com/watch?v=1lJ6P7DNiqU,h264,640 x 360,25.0,0,0,0,1,0001
1216,1lJ6P7DNiqU,1,https://www.youtube.com/watch?v=1lJ6P7DNiqU,h264,640 x 360,25.0,0,0,0,1,0001
1217,1lJ6P7DNiqU,2,https://www.youtube.com/watch?v=1lJ6P7DNiqU,h264,640 x 360,25.0,1,0,0,1,1001
1218,1CsN6ZYgp2Y,0,https://www.youtube.com/watch?v=1CsN6ZYgp2Y,h264,640 x 360,29.970029970029998,0,0,0,1,0001
1219,1CsN6ZYgp2Y,1,https://www.youtube.com/watch?v=1CsN6ZYgp2Y,h264,640 x 360,29.970029970029998,0,0,0,0,0000
1220,1CsN6ZYgp2Y,2,https://www.youtube.com/watch?v=1CsN6ZYgp2Y,h264,640 x 360,29.970029970029998,0,0,0,1,0001
1224,0OMLrBsH_IA,0,https://www.youtube.com/watch?v=0OMLrBsH_IA,h264,480 x 360,30.0,0,0,0,1,0001
1225,0OMLrBsH_IA,1,https://www.youtube.com/watch?v=0OMLrBsH_IA,h264,480 x 360,30.0,0,1,0,1,0101
1226,0OMLrBsH_IA,2,https://www.youtube.com/watch?v=0OMLrBsH_IA,h264,480 x 360,30.0,0,1,0,1,0101
1227,0o5lmDCKstc,0,https://www.youtube.com/watch?v=0o5lmDCKstc,h264,480 x 360,29.970029970029998,0,0,0,1,0001
1228,0o5lmDCKstc,1,https://www.youtube.com/watch?v=0o5lmDCKstc,h264,480 x 360,29.970029970029998,0,0,0,1,0001
1229,0kvloLSK6ew,0,https://www.youtube.com/watch?v=0kvloLSK6ew,h264,640 x 360,29.970029970029998,0,0,0,1,0001
1230,0kvloLSK6ew,1,https://www.youtube.com/watch?v=0kvloLSK6ew,h264,640 x 360,29.970029970029998,0,0,0,0,0000
1231,0kvloLSK6ew,2,https://www.youtube.com/watch?v=0kvloLSK6ew,h264,640 x 360,29.970029970029998,0,0,0,1,0001
1232,_68rPYEX-A0,0,https://www.youtube.com/watch?v=_68rPYEX-A0,h264,640 x 360,23.976023976024,0,0,0,1,0001
1233,_68rPYEX-A0,1,https://www.youtube.com/watch?v=_68rPYEX-A0,h264,640 x 360,23.976023976024,0,0,0,1,0001
1234,_68rPYEX-A0,2,https://www.youtube.com/watch?v=_68rPYEX-A0,h264,640 x 360,23.976023976024,0,0,0,0,0000
